"V21","V22","V23","V24","checking","duration","credit_history","purpose","credit_amount","employment","installment_rate","gender","marital_status","other_debtors_gaurantors","residenceyr","property","age","other_installment","housing","credits_in_bank","job","people_liable","telephone_owned","foreign_worker","good_bad_credit"
1,0,0,1,1,6,4,12,5,5,3,"male","divorced_separated",67,3,2,1,2,1,0,0,1,0,0,1
1,0,0,1,2,48,2,60,1,3,2,"male","divorced_separated",22,3,1,1,1,1,0,0,1,0,0,2
1,0,1,0,4,12,4,21,1,4,3,"male","divorced_separated",49,3,1,2,1,1,0,0,1,0,0,1
0,0,0,1,1,42,2,79,1,4,3,"female","married",45,3,1,2,1,1,0,0,0,0,0,1
0,0,0,1,1,24,3,49,1,3,3,"male","married_widowed",53,3,2,2,1,1,1,0,1,0,0,2
0,0,1,0,4,36,2,91,5,3,3,"male","married_widowed",35,3,1,2,2,1,0,0,1,0,0,1
1,0,0,1,4,24,2,28,3,5,3,"female","married",53,3,1,1,1,1,0,0,1,0,0,1
0,0,0,0,2,36,2,69,1,3,3,"male","single",35,3,1,1,2,1,0,1,1,0,1,1
1,0,1,0,4,12,2,31,4,4,1,"male","divorced_separated",61,3,1,1,1,1,0,0,1,0,0,1
1,0,0,0,2,30,4,52,1,1,4,"male","single",28,3,2,1,1,1,1,0,1,0,0,2
0,0,0,1,2,12,2,13,1,2,2,"male","single",25,3,1,1,1,1,1,0,1,0,1,2
0,0,0,1,1,48,2,43,1,2,2,"female","married",24,3,1,1,1,1,0,0,1,0,1,2
1,0,0,1,2,12,2,16,1,3,2,"male","single",22,3,1,1,2,1,0,0,1,0,0,1
1,0,1,0,1,24,4,12,1,5,3,"male","single",60,3,2,1,1,1,1,0,1,0,0,2
0,0,0,1,1,15,2,14,1,3,2,"male","single",28,3,1,1,1,1,1,0,1,0,1,1
1,0,1,0,1,24,2,13,2,3,2,"male","single",32,3,1,1,1,1,0,0,1,0,0,2
1,0,0,1,4,24,4,24,5,5,3,"female","married",53,3,2,1,1,1,0,0,1,0,0,1
1,0,0,1,1,30,0,81,5,2,3,"male","single",25,1,3,1,1,1,0,0,1,0,0,1
0,0,0,0,2,24,2,126,1,5,2,"male","married_widowed",44,3,1,1,2,1,0,1,1,0,0,2
1,0,0,1,4,24,2,34,3,5,3,"male","single",31,3,1,2,2,1,0,0,1,0,0,1
1,0,0,1,4,9,4,21,1,3,3,"male","single",48,3,3,1,2,1,1,0,1,0,0,1
0,0,0,1,1,6,2,26,3,3,3,"male","divorced_separated",44,3,1,2,1,1,0,0,1,0,1,1
0,0,1,0,1,10,4,22,1,2,3,"male","divorced_separated",48,3,2,2,1,2,1,0,1,0,1,1
1,0,0,1,2,12,4,18,2,2,3,"female","married",44,3,1,1,1,1,0,1,1,0,0,1
1,0,0,1,4,10,4,21,5,3,4,"male","single",26,3,2,1,1,2,0,0,1,0,0,1
1,0,1,0,1,6,2,14,1,3,3,"male","divorced_separated",36,1,1,1,2,1,0,0,1,0,0,1
1,0,1,0,4,6,0,4,1,5,4,"male","single",39,3,1,1,1,1,0,0,1,0,0,1
0,0,0,1,3,12,1,4,4,3,2,"male","divorced_separated",42,3,2,1,1,1,0,0,1,0,1,1
1,0,0,1,2,7,2,24,1,3,3,"male","divorced_separated",34,3,1,1,1,1,0,0,0,0,0,1
1,0,0,1,1,60,3,68,1,5,3,"male","married_widowed",63,3,2,1,2,1,0,0,1,0,0,2
1,0,0,1,2,18,2,19,4,2,4,"male","divorced_separated",36,1,1,1,2,1,0,0,1,0,0,1
1,0,0,1,1,24,2,40,1,3,3,"male","single",27,2,1,1,1,1,0,0,1,0,0,1
1,0,0,1,2,18,2,59,2,3,3,"male","single",30,3,2,1,2,1,1,0,1,0,0,1
0,0,1,0,4,12,4,13,5,5,3,"male","married_widowed",57,3,1,1,1,1,0,0,1,0,1,1
1,0,0,0,3,12,2,15,1,2,2,"female","married",33,1,1,1,2,1,0,0,1,0,0,1
1,0,1,0,2,45,4,47,1,2,3,"female","married",25,3,2,1,1,1,0,0,1,0,0,2
0,0,0,1,4,48,4,61,1,3,3,"male","married_widowed",31,1,1,1,2,1,0,0,1,0,0,1
1,0,0,1,3,18,2,21,1,3,3,"male","divorced_separated",37,2,1,1,1,1,0,0,0,1,0,2
1,0,0,1,3,10,2,12,1,3,3,"male","single",37,3,1,1,2,1,0,0,1,0,0,1
1,0,0,1,2,9,2,5,1,3,3,"male","divorced_separated",24,3,1,1,1,1,0,0,1,0,0,1
1,0,0,0,4,30,2,23,3,5,3,"male","single",30,1,1,1,1,1,0,0,1,0,0,1
1,0,0,1,2,12,2,12,3,3,1,"male","single",26,3,1,1,2,1,0,0,1,0,0,1
1,0,1,0,2,18,3,62,1,3,3,"male","divorced_separated",44,3,1,2,2,1,0,0,1,0,0,1
0,0,0,1,1,30,4,62,2,4,4,"male","single",24,3,2,1,1,1,0,1,1,0,1,1
0,0,1,0,1,48,4,61,1,5,2,"male","married_widowed",58,2,2,1,1,1,0,1,1,0,0,2
1,0,0,0,4,11,4,14,1,2,2,"male","single",35,3,2,1,1,1,1,0,1,0,0,1
1,0,0,1,4,36,2,23,3,5,3,"male","single",39,3,1,1,1,1,0,0,1,0,0,1
0,1,0,0,1,6,2,14,3,1,2,"female","married",23,3,1,1,2,1,0,1,1,0,1,1
1,0,1,0,4,11,4,72,1,3,3,"female","married",39,3,2,1,1,1,1,0,1,0,0,1
1,0,0,1,4,12,2,21,2,3,2,"male","divorced_separated",28,3,1,1,1,1,0,0,0,1,0,1
1,0,1,0,2,24,3,23,5,2,3,"female","married",29,1,1,1,1,1,0,0,1,0,0,1
1,0,0,0,2,27,3,60,1,5,3,"male","single",30,3,2,1,2,1,0,1,1,0,0,1
1,0,0,1,4,12,2,13,1,3,3,"male","single",25,3,1,1,1,1,0,0,1,0,0,1
1,0,0,1,4,18,2,34,5,3,3,"female","married",31,3,1,1,2,1,0,1,1,0,0,1
0,0,0,1,2,36,3,22,1,5,3,"male","married_widowed",57,1,2,1,2,1,1,0,1,0,0,2
1,0,1,0,4,6,1,8,5,3,3,"male","divorced_separated",26,2,1,2,1,1,1,0,0,0,0,1
1,0,0,0,2,12,2,65,5,1,3,"male","married_widowed",52,3,1,1,2,1,0,0,1,0,0,2
1,0,0,1,4,36,4,96,1,3,2,"male","single",31,2,2,1,1,1,0,0,1,0,0,1
1,0,0,0,3,18,2,20,1,5,2,"male","single",23,3,1,1,1,1,1,0,1,0,0,1
0,0,1,0,1,36,4,62,1,2,2,"male","married_widowed",23,3,2,1,2,1,0,0,0,1,1,2
1,0,0,1,2,9,2,14,1,3,4,"male","divorced_separated",27,1,1,1,2,1,0,0,1,0,0,1
1,0,0,1,2,15,4,15,5,5,3,"male","divorced_separated",50,3,2,1,2,1,0,0,0,0,0,1
0,0,0,0,2,36,0,20,1,5,3,"male","married_widowed",61,3,1,1,2,1,0,0,1,0,0,2
1,0,0,1,2,48,0,144,1,3,3,"male","single",25,3,1,1,2,1,0,0,1,0,0,2
1,0,0,1,4,24,2,32,1,2,2,"female","married",26,3,1,1,2,1,0,0,1,0,0,1
1,0,0,1,4,27,2,52,5,5,3,"female","married",48,3,4,2,2,1,0,0,1,0,0,1
1,0,0,1,4,12,2,22,1,2,2,"male","single",29,1,1,1,1,1,0,0,1,0,0,1
1,0,0,1,2,12,2,10,4,3,4,"male","divorced_separated",22,3,1,1,1,1,1,0,1,0,0,1
0,0,0,1,4,36,2,18,1,3,3,"male","married_widowed",37,2,1,1,2,1,0,0,1,0,0,2
1,0,0,1,4,36,2,24,5,3,2,"male","single",25,3,1,1,1,1,0,0,1,0,0,1
1,0,0,1,4,36,2,81,1,3,2,"female","married",30,1,1,1,1,1,0,1,1,0,0,1
0,0,1,0,4,7,4,7,5,5,3,"female","married",46,3,2,1,2,1,0,0,1,0,1,1
0,0,0,0,1,8,4,12,1,5,3,"male","married_widowed",51,1,2,2,2,1,0,0,1,0,0,1
1,0,1,0,2,42,4,60,1,4,2,"male","divorced_separated",41,1,2,1,1,1,0,0,1,0,0,1
1,0,0,0,1,36,2,20,5,5,3,"male","married_widowed",40,3,1,1,2,1,0,0,1,0,0,2
0,0,0,0,1,12,4,15,1,5,3,"male","married_widowed",66,3,2,1,1,1,0,1,1,0,0,1
1,0,0,1,1,42,2,40,1,2,3,"male","single",34,3,1,1,1,1,0,0,1,0,0,2
1,0,0,1,2,11,3,48,1,4,3,"female","married",51,3,1,1,1,1,0,0,1,0,0,1
1,0,1,0,4,54,0,94,5,3,3,"female","married",39,3,1,2,1,1,0,1,1,0,0,1
1,0,0,1,2,30,2,38,1,2,4,"female","married",22,3,1,1,1,1,0,0,1,0,0,1
1,0,0,1,4,24,2,59,5,2,2,"male","single",44,3,2,1,2,1,0,0,1,0,0,2
1,0,0,1,4,15,2,12,3,5,3,"female","married",47,2,1,1,2,1,0,0,1,0,0,1
0,0,1,0,4,18,2,16,2,3,2,"female","married",24,3,1,1,1,1,0,0,1,0,1,1
1,0,1,0,1,24,2,18,1,5,2,"male","divorced_separated",58,3,1,1,2,1,0,0,0,0,0,1
1,0,1,0,1,10,2,23,1,5,3,"male","divorced_separated",52,3,1,1,1,1,0,0,1,0,0,1
1,0,0,0,4,12,4,14,1,3,2,"male","divorced_separated",29,3,2,1,2,1,0,0,0,0,0,1
1,0,0,1,2,18,4,13,1,2,2,"female","married",27,3,2,1,1,1,0,0,1,0,0,1
0,0,0,1,2,36,2,126,2,3,3,"male","married_widowed",47,3,1,2,2,1,0,0,1,0,0,2
1,0,0,0,1,18,2,22,2,4,3,"male","single",30,3,1,2,2,1,1,0,1,0,0,1
1,0,0,1,1,12,0,11,1,4,3,"male","divorced_separated",28,3,2,1,1,1,0,0,1,0,0,2
1,0,0,1,4,12,4,6,1,5,3,"male","divorced_separated",56,3,1,1,1,1,0,0,1,0,0,1
1,0,0,1,1,12,4,14,1,5,3,"male","divorced_separated",54,3,1,1,1,1,0,1,1,0,0,1
1,0,1,0,4,12,4,8,5,5,2,"female","married",33,1,1,2,1,1,0,0,1,0,0,2
0,0,0,1,3,24,4,36,5,5,3,"male","married_widowed",20,3,2,1,1,1,0,0,0,1,1,1
1,0,0,1,2,12,2,13,4,5,3,"male","divorced_separated",54,3,1,1,2,1,1,0,1,0,0,1
0,0,0,1,2,54,0,159,1,2,3,"male","married_widowed",58,3,1,1,2,1,0,0,1,0,1,2
1,0,0,1,4,12,4,20,5,4,2,"male","single",61,3,1,1,1,1,0,0,1,0,0,1
1,0,0,1,2,18,2,26,2,3,3,"male","single",34,3,1,1,1,1,0,0,1,0,0,1
1,0,0,1,2,36,4,23,1,5,3,"male","divorced_separated",36,3,1,1,1,1,0,0,1,0,0,1
0,0,0,0,2,20,3,71,5,4,3,"female","married",36,1,2,2,2,1,0,1,1,0,1,1
0,0,1,0,4,24,2,15,2,5,4,"male","divorced_separated",41,3,1,1,1,1,1,0,1,0,1,1
0,0,0,1,2,36,2,23,1,4,3,"male","single",24,3,1,1,1,1,0,0,1,0,1,1
1,0,0,1,4,6,3,9,1,3,2,"male","divorced_separated",24,3,1,1,1,1,0,0,1,0,0,1
0,0,0,1,2,9,4,19,1,4,3,"male","single",35,3,1,1,2,1,0,0,1,0,1,1
0,0,0,1,4,12,2,24,5,2,4,"male","single",26,3,1,1,2,1,0,1,1,0,1,1
1,0,0,0,2,24,4,119,1,3,3,"male","single",39,3,2,2,2,1,0,0,0,1,0,2
1,0,0,0,4,18,1,65,1,5,3,"male","married_widowed",39,1,2,2,2,1,1,0,1,0,0,2
1,0,0,1,2,12,2,61,1,4,3,"male","single",32,3,1,1,1,1,1,0,1,0,0,1
1,0,0,1,1,24,2,77,5,2,2,"female","married",30,3,1,1,2,2,0,0,1,0,0,1
1,0,0,1,2,14,2,14,3,5,4,"male","divorced_separated",35,3,1,1,2,1,0,0,1,0,0,1
1,0,0,1,2,6,3,14,2,5,1,"male","single",31,1,2,2,1,1,0,0,1,0,0,1
0,0,0,1,3,15,2,4,1,2,2,"female","married",23,3,1,1,2,1,0,0,1,0,1,1
0,0,1,0,2,18,2,63,1,4,3,"male","divorced_separated",28,3,1,1,1,1,1,0,1,0,1,1
1,0,0,1,4,36,4,79,1,3,2,"male","divorced_separated",25,2,2,1,2,1,1,0,1,0,0,2
1,0,0,1,1,12,2,17,3,5,4,"male","divorced_separated",35,3,1,1,1,1,0,0,1,0,0,1
1,0,0,1,4,48,4,36,5,5,3,"male","divorced_separated",47,3,1,1,2,1,0,0,1,0,0,1
1,0,0,0,1,42,2,72,5,4,2,"male","single",30,3,1,1,2,1,0,0,1,0,0,2
0,0,0,1,1,10,4,21,5,2,2,"male","divorced_separated",27,3,2,1,1,2,0,0,0,1,1,1
1,0,0,1,1,33,4,43,3,3,2,"male","single",23,3,2,1,1,1,0,0,1,0,0,2
1,0,0,0,2,12,4,24,3,4,1,"male","single",36,3,1,1,2,1,1,0,1,0,0,1
1,0,0,1,1,21,2,18,1,3,2,"male","divorced_separated",25,3,2,1,2,1,0,0,1,0,0,2
0,0,0,0,4,24,4,39,1,5,2,"male","single",41,3,2,1,2,1,0,1,1,0,1,1
0,0,1,0,4,12,2,18,1,3,3,"male","divorced_separated",24,3,1,1,1,1,0,0,1,0,1,1
0,0,0,1,3,10,4,8,1,5,3,"male","married_widowed",63,3,2,1,2,1,1,0,1,0,0,1
0,0,0,1,2,18,2,19,5,2,2,"male","divorced_separated",27,3,1,1,1,1,0,0,1,0,1,2
1,0,0,1,1,12,4,21,1,3,3,"female","married",30,3,2,1,1,1,1,0,1,0,0,1
1,0,1,0,1,12,2,7,1,3,4,"male","divorced_separated",40,3,1,1,1,1,0,0,1,0,0,1
1,0,0,1,2,12,2,6,1,3,3,"male","single",30,3,1,1,1,1,0,0,1,0,0,2
1,0,0,0,2,12,4,19,1,1,3,"male","single",34,3,2,1,2,1,0,1,1,0,0,1
1,0,0,1,1,12,4,35,1,3,2,"male","divorced_separated",29,3,2,1,1,1,1,0,0,1,0,2
1,0,0,1,2,48,2,85,5,4,2,"male","single",24,3,1,1,1,1,1,0,1,0,0,1
1,0,0,1,1,36,3,69,1,3,3,"female","married",29,2,1,1,2,1,0,0,1,0,0,2
1,0,1,0,4,15,2,27,1,2,3,"female","married",27,1,2,1,1,1,0,0,1,0,0,1
0,0,0,1,4,18,2,20,1,3,3,"male","married_widowed",47,1,2,1,1,1,0,0,1,0,0,1
1,0,0,1,4,60,2,101,2,4,2,"male","divorced_separated",21,3,1,1,2,1,0,0,1,0,0,1
1,0,0,1,4,12,4,12,5,5,2,"male","divorced_separated",38,3,2,1,2,1,0,0,1,0,0,1
1,0,0,1,4,27,3,86,4,3,3,"male","single",27,3,2,1,1,1,0,1,1,0,0,1
1,0,1,0,2,12,2,8,3,3,3,"male","divorced_separated",66,3,1,1,1,1,0,0,1,0,0,2
1,0,0,1,2,15,4,27,5,4,3,"male","divorced_separated",35,1,3,1,2,1,0,0,0,0,0,1
0,0,1,0,3,12,2,19,1,3,2,"male","single",44,3,1,1,2,1,0,0,1,0,1,1
1,1,0,0,3,6,2,7,4,2,4,"male","divorced_separated",27,3,1,1,1,2,1,0,1,0,0,1
1,0,0,0,2,36,2,48,1,2,2,"male","married_widowed",30,3,1,1,2,1,0,0,1,0,0,1
1,0,0,0,1,27,2,34,1,3,3,"male","single",27,3,1,1,1,1,0,0,1,0,0,1
1,0,0,1,1,18,2,25,1,3,3,"male","single",22,3,1,1,1,1,0,0,1,0,0,2
1,0,0,1,4,21,4,23,1,2,2,"female","married",23,3,1,1,2,1,0,0,1,0,0,1
1,0,0,1,2,48,1,36,2,4,3,"male","single",30,3,1,1,1,1,0,0,1,0,0,1
1,0,0,1,1,6,4,9,1,5,2,"male","married_widowed",39,3,2,1,2,1,1,0,1,0,0,1
1,0,0,1,4,12,4,7,2,4,2,"male","single",51,3,2,1,2,1,1,0,1,0,0,1
1,0,0,1,1,36,4,54,1,3,3,"female","married",28,3,2,1,1,1,0,0,0,0,0,1
1,0,0,1,4,18,4,16,4,5,3,"male","single",46,3,2,1,1,1,0,0,1,0,0,1
0,0,0,1,4,6,2,13,2,5,3,"male","married_widowed",42,1,1,2,2,1,0,0,1,0,0,1
1,0,0,1,4,10,2,19,1,3,3,"female","married",38,3,1,1,2,2,0,0,1,0,0,1
1,0,0,1,3,36,2,58,1,3,3,"male","single",24,3,1,1,1,1,0,0,1,0,0,1
0,0,0,1,2,24,4,78,4,5,2,"male","married_widowed",29,3,1,1,1,1,0,1,1,0,1,1
0,0,0,0,2,24,3,70,2,4,3,"male","single",36,3,1,1,2,1,0,0,1,0,1,1
0,0,0,1,1,12,2,13,1,3,2,"male","single",20,3,1,1,1,1,0,0,1,0,1,2
1,0,0,1,1,9,4,13,2,5,3,"male","divorced_separated",48,3,2,2,1,2,0,0,0,0,0,1
1,0,1,0,1,12,1,3,1,5,4,"male","single",45,1,1,1,1,1,0,0,1,0,0,1
1,0,0,1,2,24,2,35,2,4,3,"male","single",38,1,2,1,2,1,1,0,1,0,0,1
1,0,1,0,4,6,4,19,5,3,3,"male","divorced_separated",34,3,2,2,1,1,0,0,1,0,0,1
1,0,0,1,4,24,4,29,2,5,3,"male","divorced_separated",36,3,1,2,2,1,0,0,1,0,0,1
1,0,0,1,4,18,4,11,1,2,2,"female","married",30,3,2,1,1,1,1,0,1,0,0,1
1,0,0,1,4,15,2,13,3,4,3,"female","married",36,3,2,1,2,1,0,0,1,0,0,1
0,0,0,0,2,10,2,73,1,1,3,"male","married_widowed",70,1,1,1,2,1,1,0,1,0,0,1
1,0,0,1,4,36,2,9,3,5,3,"female","married",36,3,1,1,1,1,1,0,1,0,0,1
1,0,0,1,4,6,2,30,3,3,3,"male","single",32,3,1,1,2,1,0,0,1,0,0,1
1,0,0,1,1,18,2,11,1,1,2,"male","single",33,3,1,1,1,1,0,0,1,0,0,2
1,0,0,1,2,11,2,16,4,2,2,"male","divorced_separated",20,3,1,1,1,1,0,0,1,0,0,1
0,0,0,1,4,24,2,40,1,4,2,"female","married",25,3,1,1,2,1,0,0,1,0,1,1
1,0,0,1,2,24,4,19,1,5,1,"male","divorced_separated",31,3,2,1,2,1,0,0,1,0,0,2
0,0,0,1,1,15,0,10,1,5,3,"male","single",33,3,2,2,1,1,1,0,1,0,1,2
1,0,0,1,4,12,2,8,1,3,2,"male","divorced_separated",26,3,1,1,2,1,0,0,1,0,0,1
1,0,0,0,2,24,3,21,1,1,2,"female","married",34,3,1,1,2,1,0,0,1,0,0,2
1,0,0,1,2,8,2,14,1,3,3,"male","divorced_separated",33,3,1,1,1,2,0,0,0,0,0,1
1,0,0,1,1,21,3,34,1,2,3,"female","married",26,3,2,1,1,1,0,0,1,0,0,2
1,0,0,0,4,30,1,75,5,1,2,"male","divorced_separated",53,1,1,1,2,1,0,1,1,0,0,2
1,0,0,1,1,12,2,26,1,3,1,"male","single",42,3,1,1,1,1,0,0,1,0,0,1
1,0,0,1,1,6,4,3,3,5,3,"male","single",52,3,2,1,1,1,0,0,1,0,0,1
0,0,0,0,4,12,2,20,1,4,3,"male","single",31,3,2,2,2,1,0,0,1,0,1,1
1,0,0,1,1,21,4,6,1,5,3,"male","divorced_separated",65,3,2,1,1,1,1,0,1,0,0,1
1,0,0,1,4,36,3,96,1,2,1,"male","single",28,3,2,1,1,1,0,0,1,0,0,2
1,0,0,0,2,36,3,45,1,3,1,"male","divorced_separated",30,2,2,1,2,1,0,0,1,0,0,2
1,0,1,0,1,21,1,16,5,3,3,"female","married",40,3,2,2,1,1,1,0,1,0,0,2
1,0,0,1,4,24,4,38,4,3,3,"male","divorced_separated",50,3,1,1,2,1,0,0,1,0,0,1
1,0,0,1,2,18,4,9,1,5,3,"male","single",36,1,1,2,2,1,1,0,1,0,0,2
1,0,0,1,4,15,4,14,1,3,3,"female","married",31,3,2,1,1,1,0,0,1,0,0,1
0,0,0,0,2,9,1,51,1,5,2,"male","married_widowed",74,1,1,2,2,1,0,1,1,0,0,2
0,1,0,0,2,16,4,12,1,1,3,"male","single",68,3,3,1,2,1,1,0,1,0,0,1
1,0,0,1,1,12,2,7,2,4,4,"female","married",20,3,1,1,1,1,0,0,1,0,0,2
1,0,0,1,2,18,0,32,1,3,2,"male","single",33,1,2,1,2,1,0,0,1,0,0,1
1,0,0,0,4,24,2,46,4,3,3,"female","married",54,3,3,1,2,1,0,0,1,0,0,2
0,0,1,0,2,48,0,38,2,4,3,"male","married_widowed",34,3,1,2,1,1,0,0,1,0,0,2
1,0,0,1,2,27,2,39,1,3,3,"male","single",36,3,1,2,2,1,0,0,1,0,0,2
0,0,0,1,4,6,2,21,1,4,4,"male","divorced_separated",29,3,1,1,1,1,0,0,1,0,1,1
0,0,0,1,2,45,2,30,2,3,3,"female","married",21,3,1,1,1,1,0,0,0,0,1,2
1,0,0,0,2,9,4,15,1,5,2,"male","single",34,3,2,1,2,1,0,0,1,0,0,2
1,0,0,1,4,6,4,14,1,3,2,"male","single",28,3,2,1,2,1,0,0,1,0,0,1
0,0,0,1,2,12,2,10,2,2,2,"male","single",27,1,4,1,1,1,0,0,1,0,1,2
0,0,0,1,2,24,2,28,5,5,3,"male","married_widowed",36,1,1,1,2,1,0,1,1,0,0,1
1,0,0,0,2,18,3,43,1,5,1,"male","married_widowed",40,3,1,1,2,1,0,0,1,0,0,2
1,0,0,1,4,9,4,9,3,5,3,"male","single",52,3,2,1,2,1,0,0,1,0,0,1
1,0,1,0,1,12,2,12,1,3,4,"male","divorced_separated",27,3,1,1,1,1,1,0,1,0,0,1
1,0,0,1,4,27,3,51,1,4,3,"male","single",26,3,2,1,1,1,0,0,1,0,0,1
0,0,0,1,1,12,2,9,1,4,4,"female","married",21,3,1,1,1,1,0,0,1,0,1,2
1,0,1,0,4,12,4,15,1,5,3,"male","divorced_separated",38,3,2,2,1,1,1,0,1,0,0,1
0,0,0,0,1,30,4,106,1,5,3,"male","married_widowed",38,3,3,2,2,1,0,1,1,0,0,1
1,0,0,1,4,12,4,19,1,5,3,"male","divorced_separated",43,3,3,1,2,1,0,0,1,0,0,1
1,0,0,1,2,12,4,14,1,4,3,"female","married",26,3,1,1,1,1,0,0,1,0,0,1
1,0,1,0,1,24,2,66,1,3,4,"male","single",21,2,1,1,1,1,0,0,1,0,0,1
1,0,0,1,4,12,2,14,4,4,3,"female","married",55,3,1,1,1,2,0,1,1,0,0,1
1,0,0,1,4,9,4,31,5,3,3,"male","divorced_separated",33,3,2,2,1,1,0,0,1,0,0,1
1,0,1,0,4,36,2,38,5,5,2,"male","divorced_separated",45,3,1,1,2,1,0,0,1,0,0,1
1,0,0,1,1,27,0,53,1,1,3,"female","married",50,2,2,1,2,1,0,0,1,0,0,2
1,0,0,0,3,30,3,19,1,5,3,"male","divorced_separated",66,3,1,1,2,1,0,0,1,0,0,2
1,0,0,1,4,36,4,33,5,5,3,"male","single",51,3,1,1,2,1,0,0,1,0,0,1
1,0,1,0,2,6,4,9,5,4,2,"female","married",39,3,2,1,1,1,0,0,1,0,0,1
1,0,0,1,1,18,0,31,1,4,3,"female","married",31,1,1,1,2,1,0,0,1,0,0,1
1,0,0,1,3,36,2,39,1,3,3,"male","divorced_separated",23,3,1,1,2,1,0,0,1,0,0,1
0,0,1,0,1,24,2,30,1,3,1,"male","divorced_separated",24,3,1,1,1,1,0,0,1,0,1,1
1,0,0,1,4,10,2,14,1,3,2,"male","single",64,3,1,1,2,1,1,0,1,0,0,1
1,0,1,0,2,12,2,6,1,2,4,"male","divorced_separated",26,1,1,1,1,1,0,0,0,0,0,1
0,0,0,1,1,12,2,12,5,3,2,"female","married",23,1,1,1,2,1,0,0,1,0,1,1
1,0,0,1,4,12,2,7,1,3,3,"male","divorced_separated",30,1,2,1,1,1,0,0,1,0,0,1
1,0,0,1,4,24,3,30,5,3,3,"male","divorced_separated",32,3,2,2,2,1,0,0,1,0,0,1
1,0,0,1,4,15,2,47,1,3,3,"male","single",30,3,1,1,2,1,0,1,1,0,0,1
1,0,0,1,4,36,0,26,1,3,3,"male","single",27,3,2,1,1,1,0,0,1,0,0,1
1,0,0,1,2,48,2,110,4,4,3,"male","married_widowed",27,1,2,1,2,1,0,0,0,1,0,2
0,0,0,0,1,12,2,79,1,5,3,"male","married_widowed",53,3,1,1,2,1,0,0,1,0,0,2
1,0,0,1,4,9,2,15,1,4,3,"male","single",22,3,1,1,1,1,0,0,1,0,0,2
0,0,0,1,1,24,2,31,1,2,3,"male","married_widowed",22,1,1,1,1,1,0,0,1,0,0,1
1,0,0,1,3,36,2,42,1,3,3,"male","single",26,3,1,1,1,1,0,0,1,0,0,2
0,0,1,0,4,9,2,25,3,5,3,"male","married_widowed",51,3,1,1,1,1,1,0,1,0,0,1
1,0,0,1,4,12,2,21,2,4,3,"male","married_widowed",35,3,1,1,1,1,0,0,1,0,0,1
1,0,1,0,2,18,2,9,1,3,4,"male","divorced_separated",25,3,1,1,1,1,0,0,0,0,0,1
1,0,1,0,4,4,4,15,1,4,3,"male","divorced_separated",42,3,3,2,1,1,0,0,1,0,0,1
1,0,0,0,1,24,2,18,1,1,3,"male","single",30,2,1,2,1,1,0,0,1,0,0,2
1,1,0,0,2,6,2,146,5,1,3,"female","married",23,3,1,1,2,1,1,0,1,0,0,2
0,0,1,0,2,21,2,28,2,5,1,"male","single",61,1,2,1,1,1,0,0,1,0,1,2
1,0,0,1,4,12,4,13,1,3,2,"female","married",35,3,2,1,1,1,0,0,1,0,0,1
1,0,0,1,1,30,2,25,1,5,3,"female","married",39,3,1,2,1,1,0,0,0,0,0,1
1,0,0,1,1,24,2,9,5,5,2,"male","single",29,1,1,1,1,1,1,0,1,0,0,2
1,0,0,1,4,6,2,16,1,4,3,"female","married",51,3,1,2,1,1,0,0,1,0,0,1
0,0,0,1,1,48,0,46,1,5,3,"male","married_widowed",24,3,2,2,1,1,0,1,1,0,0,2
1,0,0,1,4,12,4,12,1,3,2,"male","divorced_separated",27,3,2,1,1,1,0,0,1,0,0,1
1,0,1,0,4,12,1,34,3,3,2,"male","divorced_separated",35,3,1,2,1,1,0,0,1,0,0,1
1,0,0,1,4,24,2,13,1,4,3,"male","divorced_separated",25,3,1,1,2,1,0,0,1,0,0,1
1,0,0,1,4,12,4,7,1,5,3,"male","divorced_separated",52,3,3,1,1,1,0,0,1,0,0,1
0,0,0,1,4,6,0,12,2,3,3,"male","married_widowed",35,1,1,1,1,2,1,0,1,0,1,1
1,0,0,1,3,24,2,19,1,3,3,"male","divorced_separated",26,3,1,1,1,1,0,0,1,0,0,1
0,0,0,1,4,18,2,4,1,1,2,"male","divorced_separated",22,3,1,1,1,1,0,0,0,1,1,2
1,0,1,0,1,6,4,7,4,4,2,"male","divorced_separated",39,3,2,1,2,1,1,0,1,0,0,1
1,0,1,0,3,12,2,23,1,3,2,"male","single",46,3,1,1,1,1,0,0,1,0,0,1
1,0,0,1,2,30,2,22,1,3,2,"male","married_widowed",24,1,1,1,1,1,1,0,0,0,0,2
1,0,0,1,4,24,3,42,2,3,3,"female","married",35,3,2,1,1,1,0,0,1,0,0,1
1,0,0,1,2,9,2,20,5,4,3,"male","single",24,3,1,1,2,1,0,0,1,0,0,1
1,0,1,0,2,60,3,74,5,3,3,"male","divorced_separated",27,3,1,1,1,1,0,0,1,0,0,1
1,0,1,0,4,24,4,27,1,3,3,"male","divorced_separated",35,3,2,1,1,1,0,0,1,0,0,1
0,0,0,1,1,12,1,21,1,3,1,"male","married_widowed",29,3,1,1,1,1,0,0,1,0,0,2
1,0,0,1,4,15,2,38,2,2,2,"male","single",23,3,1,1,2,1,0,1,1,0,0,1
1,0,1,0,4,11,4,12,2,1,2,"male","divorced_separated",57,3,3,1,1,1,0,0,1,0,0,1
1,0,0,1,1,12,2,17,1,3,3,"male","divorced_separated",27,3,1,1,1,1,0,0,1,0,0,1
1,0,0,1,1,24,2,16,1,5,2,"male","single",55,3,1,1,1,1,0,0,1,0,0,1
0,0,0,0,1,18,4,53,1,5,3,"male","married_widowed",36,3,3,1,2,1,1,0,1,0,0,1
0,0,1,0,4,12,4,27,1,5,2,"male","married_widowed",57,1,3,1,1,1,0,0,1,0,0,1
1,0,1,0,4,10,4,12,1,5,3,"male","divorced_separated",32,3,2,2,1,2,1,0,1,0,0,1
1,0,0,1,2,15,2,8,1,5,3,"male","single",37,3,1,2,1,1,0,0,1,0,0,2
1,0,0,1,4,36,4,63,5,5,3,"male","divorced_separated",36,3,2,1,1,1,0,0,1,0,0,1
1,0,0,1,4,24,2,15,1,2,2,"male","single",38,2,1,1,2,1,0,0,1,0,0,1
1,0,0,0,1,14,2,90,1,5,1,"female","married",45,3,1,1,2,2,1,0,1,0,0,2
1,0,0,1,4,24,2,10,5,5,3,"male","single",25,3,2,1,1,1,0,0,1,0,0,1
1,0,0,1,4,18,2,27,5,4,3,"female","married",32,3,1,1,1,2,1,0,1,0,0,1
0,0,0,1,4,12,4,14,3,4,2,"male","single",37,3,1,1,2,1,0,0,1,0,1,1
0,0,0,0,2,48,1,122,5,1,3,"male","married_widowed",36,3,1,1,2,1,1,0,0,1,0,1
1,0,0,1,2,48,2,31,1,4,3,"male","divorced_separated",28,3,2,1,1,1,0,0,1,0,0,2
1,0,1,0,1,30,2,120,1,2,1,"male","married_widowed",34,3,1,1,2,1,0,0,1,0,0,2
1,0,0,1,4,9,2,27,1,3,3,"male","divorced_separated",32,3,1,2,1,1,0,0,1,0,0,1
1,0,0,1,4,18,4,24,1,3,2,"male","single",26,3,2,1,1,1,0,0,1,0,0,1
1,0,1,0,1,12,2,13,5,5,1,"female","married",49,3,1,1,2,1,0,0,1,0,0,1
1,0,0,1,4,6,2,46,1,2,2,"female","married",32,3,1,1,1,1,0,0,1,0,0,2
0,0,0,0,4,24,2,19,2,3,3,"male","single",29,3,1,1,2,1,0,0,1,0,1,1
0,0,0,1,4,15,4,34,4,5,3,"male","married_widowed",23,3,2,1,2,1,0,1,1,0,1,1
1,0,0,1,4,12,2,16,1,3,3,"male","divorced_separated",50,3,1,1,1,1,0,0,1,0,0,1
1,0,1,0,3,18,1,14,5,4,3,"male","single",49,1,1,1,1,1,0,0,1,0,0,1
1,0,0,1,4,15,4,15,5,5,3,"female","married",63,3,1,1,1,1,0,0,1,0,0,1
1,0,0,1,2,24,4,39,2,2,1,"male","single",37,3,1,1,2,1,1,0,1,0,0,1
1,0,1,0,1,47,2,107,1,2,2,"male","divorced_separated",35,3,1,1,2,1,1,0,1,0,0,1
1,0,0,1,1,48,2,48,1,4,3,"female","married",26,3,1,2,1,1,0,1,1,0,0,1
0,0,0,0,2,48,3,76,2,1,3,"male","married_widowed",31,3,1,1,2,1,0,0,1,0,0,1
1,0,0,1,2,12,2,11,1,3,2,"male","divorced_separated",49,3,2,1,2,1,0,0,0,0,0,1
1,0,0,1,1,24,3,10,1,2,4,"male","divorced_separated",48,2,1,1,1,1,0,0,1,0,0,2
1,0,0,1,4,12,2,11,1,3,4,"male","divorced_separated",26,3,1,1,2,2,0,0,1,0,0,1
0,0,0,0,2,36,2,94,1,2,4,"male","single",28,3,1,1,2,1,0,1,1,0,1,2
0,0,0,0,1,24,4,64,1,5,2,"male","married_widowed",44,3,2,2,2,1,0,1,1,0,0,1
0,0,0,1,3,42,4,48,1,5,3,"male","married_widowed",56,3,1,1,1,1,0,1,1,0,0,1
1,0,0,0,4,48,4,76,5,5,1,"male","single",46,1,2,2,1,1,0,0,1,0,0,1
1,0,0,1,2,48,2,100,1,2,2,"male","single",26,3,1,1,2,1,0,0,1,0,0,2
0,0,0,1,4,12,2,47,5,2,2,"male","single",20,3,1,1,1,1,0,1,1,0,1,1
1,0,1,0,4,10,2,13,5,5,3,"female","married",45,3,1,1,1,2,1,0,0,1,0,1
1,0,0,1,4,18,2,25,1,3,3,"male","divorced_separated",43,3,1,1,2,1,0,0,1,0,0,1
1,0,0,1,2,21,4,27,4,4,3,"male","single",32,3,2,1,2,1,0,0,1,0,0,1
1,1,0,0,4,6,2,7,1,1,2,"male","divorced_separated",54,3,1,1,2,1,1,0,1,0,0,1
1,0,0,1,2,36,0,38,1,3,2,"male","single",42,3,1,1,2,1,0,0,1,0,0,2
1,0,1,0,3,24,4,13,5,4,3,"male","divorced_separated",37,1,2,2,1,1,1,0,1,0,0,2
1,0,0,1,1,10,4,10,1,4,3,"female","married",49,3,2,1,2,1,1,0,0,1,0,1
0,0,0,1,4,48,4,101,3,3,3,"male","married_widowed",44,1,1,1,1,1,1,0,1,0,0,2
1,0,0,1,4,6,2,15,4,3,1,"male","divorced_separated",33,3,1,1,1,1,0,0,1,0,0,1
0,0,1,0,4,30,2,48,5,4,2,"female","married",24,2,1,1,1,1,0,1,1,0,1,1
1,0,1,0,1,12,2,7,2,2,4,"male","married_widowed",33,3,1,1,2,1,0,0,1,0,0,2
1,0,0,1,2,8,2,12,1,3,2,"male","divorced_separated",24,3,1,1,1,1,0,0,1,0,0,2
0,0,1,0,2,9,2,3,1,3,4,"male","divorced_separated",22,3,1,1,1,1,1,0,1,0,1,1
0,1,0,0,2,48,2,54,5,1,3,"male","married_widowed",40,1,1,1,2,1,0,0,1,0,0,1
1,0,0,1,4,24,2,55,2,3,3,"male","single",25,2,1,1,1,1,0,0,1,0,0,1
1,0,0,1,3,24,2,37,1,2,2,"male","single",26,3,1,1,1,1,0,0,1,0,0,1
1,0,1,0,2,12,2,7,1,4,4,"male","single",25,1,1,1,1,1,1,0,1,0,0,2
1,0,1,0,3,4,2,15,5,2,3,"male","divorced_separated",29,3,1,2,1,2,1,0,1,0,0,1
1,0,0,1,1,36,1,27,1,5,3,"male","single",31,1,1,1,1,1,0,0,1,0,0,2
1,0,1,0,1,12,2,7,1,3,3,"female","married",38,3,1,2,1,1,0,0,0,0,0,1
1,0,1,0,2,24,2,44,5,3,2,"female","married",48,3,1,1,2,1,0,0,1,0,0,1
1,0,0,1,4,12,4,7,1,3,3,"male","single",32,3,2,1,1,1,0,0,1,0,0,1
1,0,1,0,1,15,3,36,1,5,2,"female","married",27,3,2,1,1,1,0,0,1,0,0,1
1,0,0,0,2,30,4,42,1,1,4,"male","single",28,3,2,1,1,1,1,0,1,0,0,2
1,0,0,1,1,24,2,19,1,2,1,"female","married",32,3,1,1,1,1,0,0,1,0,0,2
0,0,0,0,1,24,2,29,1,4,3,"male","married_widowed",34,3,1,1,2,1,0,1,1,0,0,1
1,0,0,1,1,18,2,27,4,3,3,"male","single",28,3,1,1,1,1,0,0,1,0,0,1
1,0,0,1,4,18,4,10,1,3,2,"male","divorced_separated",36,3,2,1,1,1,1,0,1,0,0,1
1,0,1,0,1,8,4,34,1,4,3,"male","divorced_separated",39,3,2,1,1,2,1,0,1,0,0,1
0,0,0,1,4,12,4,58,5,5,3,"female","married",49,3,1,1,2,1,0,0,1,0,1,1
1,0,0,1,4,24,2,15,4,4,2,"male","single",34,3,1,2,2,1,1,0,1,0,0,1
1,0,0,1,3,36,2,45,1,5,3,"male","single",31,3,1,1,1,1,0,0,1,0,0,1
1,0,0,1,2,6,2,11,1,5,3,"male","single",28,3,1,2,1,1,0,0,1,0,0,1
0,0,0,0,1,24,4,66,1,1,3,"male","married_widowed",75,3,2,1,2,1,0,1,1,0,0,1
1,0,0,1,4,18,4,19,2,3,2,"male","divorced_separated",30,3,2,1,1,1,0,0,1,0,0,2
1,0,0,0,2,60,2,74,2,2,2,"female","married",24,3,1,1,1,1,1,0,1,0,0,2
0,0,1,0,4,48,4,116,2,3,2,"male","single",24,1,2,1,1,1,0,1,1,0,1,2
0,0,0,1,1,24,0,41,1,5,3,"male","married_widowed",23,1,2,2,1,1,0,0,1,0,1,2
0,0,0,0,1,6,4,34,1,3,1,"male","divorced_separated",44,3,1,1,2,1,0,0,1,0,1,2
1,0,1,0,2,13,2,21,1,2,2,"female","married",23,3,1,1,1,1,0,0,0,0,0,1
0,0,0,1,1,15,2,13,5,3,2,"male","single",24,3,1,1,1,1,0,0,1,0,1,2
1,0,0,1,1,24,2,42,1,3,3,"female","married",28,3,1,1,1,1,0,0,1,0,0,1
1,0,1,0,2,10,2,15,1,3,1,"male","single",31,3,1,1,1,1,0,0,1,0,0,1
0,0,0,1,2,24,4,57,1,2,2,"male","married_widowed",24,3,2,1,2,1,0,0,1,0,0,1
0,0,1,0,1,21,2,36,1,4,2,"male","single",26,3,1,1,1,1,0,0,1,0,1,1
0,0,0,1,2,18,2,32,3,2,4,"male","divorced_separated",25,3,1,1,1,1,0,0,1,0,1,1
1,0,0,0,2,18,2,44,1,5,3,"male","divorced_separated",33,1,1,1,2,1,0,0,0,1,0,1
1,0,1,0,3,10,2,39,1,2,3,"female","married",37,3,1,2,1,1,1,0,0,0,0,1
1,0,1,0,4,15,4,15,1,3,2,"male","single",43,3,1,1,1,1,0,0,1,0,0,1
1,0,0,1,2,13,4,9,1,2,3,"male","divorced_separated",23,3,2,1,1,1,0,0,0,0,0,1
0,1,0,0,2,24,2,38,3,1,2,"male","married_widowed",23,3,1,1,1,1,0,0,1,0,1,1
1,0,1,0,4,6,3,17,2,3,3,"male","divorced_separated",34,3,2,1,1,1,0,0,1,0,0,1
0,0,0,1,2,9,4,11,4,5,3,"male","married_widowed",32,3,2,2,1,1,0,0,1,0,0,2
0,0,0,1,4,9,2,12,1,2,2,"male","divorced_separated",23,3,1,1,2,1,0,0,1,0,1,1
1,0,0,1,2,9,2,10,1,3,2,"male","single",29,3,1,1,1,2,0,0,1,0,0,2
1,0,0,0,4,18,4,32,5,1,3,"male","married_widowed",38,3,1,1,2,1,0,1,1,0,0,1
0,0,0,1,1,12,0,62,1,3,3,"female","married",28,3,2,1,2,1,0,0,1,0,1,2
0,0,0,1,4,10,2,7,3,5,3,"male","married_widowed",46,3,1,1,2,1,0,0,1,0,0,1
1,0,1,0,2,24,2,12,1,2,3,"male","divorced_separated",23,2,1,1,1,1,1,0,1,0,0,2
1,0,0,1,4,12,4,23,5,5,3,"male","divorced_separated",49,3,1,1,2,1,0,0,0,1,0,1
1,0,0,0,4,36,3,45,1,3,3,"male","single",26,3,2,1,2,1,0,0,1,0,0,2
1,0,0,1,4,12,2,8,1,3,4,"male","divorced_separated",28,3,1,1,1,1,0,0,1,0,0,1
0,0,0,1,1,30,2,24,1,4,2,"male","divorced_separated",23,3,1,1,1,1,0,0,1,0,1,2
0,0,0,1,2,18,2,12,5,3,3,"male","married_widowed",61,3,1,1,1,1,0,0,1,0,0,1
1,0,0,0,3,12,2,34,5,5,3,"male","single",37,3,1,1,1,1,0,0,1,0,0,1
1,0,0,1,3,12,3,22,1,3,2,"male","single",36,2,2,1,2,1,1,0,1,0,0,1
0,0,0,1,4,6,2,18,1,3,4,"female","married",21,3,1,1,1,1,0,0,1,0,1,1
1,1,0,0,1,18,2,25,1,1,3,"male","single",25,3,1,1,1,1,0,0,1,0,0,2
1,0,0,1,4,12,2,15,1,4,3,"male","single",36,3,1,1,2,1,0,0,1,0,0,1
1,0,0,1,4,18,4,38,1,4,3,"male","single",27,3,2,1,1,1,0,1,1,0,0,1
0,0,0,1,1,18,2,36,1,2,2,"male","single",22,3,1,1,1,1,0,0,1,0,1,1
1,0,0,1,1,36,2,34,1,5,3,"male","single",42,3,1,2,1,1,0,0,1,0,0,2
0,0,0,1,2,18,2,30,1,4,2,"male","divorced_separated",40,3,1,1,1,1,0,0,1,0,1,1
1,0,0,1,4,36,2,31,5,3,3,"male","divorced_separated",36,3,1,1,1,1,1,0,1,0,0,1
1,0,0,1,4,18,4,61,1,5,3,"male","single",33,3,2,1,2,1,0,0,1,0,0,1
0,0,0,1,4,10,4,21,1,2,2,"male","divorced_separated",23,3,2,1,1,1,0,0,1,0,1,1
0,0,0,0,4,60,4,138,5,5,3,"male","married_widowed",63,1,1,1,2,1,1,0,1,0,0,1
0,0,0,0,2,60,1,148,2,5,2,"male","married_widowed",60,1,2,1,2,1,0,0,1,0,0,2
0,0,0,1,1,48,1,77,1,4,2,"male","single",37,3,1,1,1,1,0,0,0,0,1,2
1,0,0,1,4,18,3,23,1,1,4,"male","divorced_separated",34,3,2,1,1,1,0,0,1,0,0,1
0,0,0,1,4,7,3,8,5,5,3,"male","married_widowed",36,3,1,1,1,1,0,0,1,0,0,1
0,0,0,0,2,36,2,143,1,5,3,"male","married_widowed",57,3,1,1,2,1,1,0,1,0,0,2
1,0,1,0,4,6,4,4,2,3,2,"male","single",52,3,2,1,1,1,1,0,1,0,0,1
1,0,0,1,1,20,2,22,5,4,3,"male","single",39,3,1,1,2,1,0,0,1,0,0,1
0,0,0,0,2,18,2,130,1,1,2,"male","married_widowed",38,3,1,1,2,1,0,1,1,0,0,2
0,0,0,1,4,22,2,13,5,4,2,"female","married",25,3,1,1,1,1,1,0,1,0,1,1
1,0,0,1,3,12,2,13,1,2,3,"male","divorced_separated",26,3,1,1,1,1,1,0,1,0,0,1
1,0,1,0,4,30,3,43,2,3,3,"female","married",26,3,2,1,1,1,0,0,1,0,0,1
1,0,0,1,4,18,4,22,1,3,2,"male","single",25,3,2,1,1,1,0,0,1,0,0,1
0,0,0,1,4,18,2,11,5,2,2,"male","divorced_separated",21,3,1,1,2,1,0,0,1,0,1,1
1,0,0,0,2,18,4,74,1,1,3,"female","married",40,2,2,1,2,1,0,0,1,0,0,1
1,0,0,1,2,15,4,23,3,3,3,"male","single",27,1,1,1,1,1,0,0,1,0,0,1
1,0,0,1,4,9,2,14,1,4,2,"male","single",27,3,2,1,1,1,0,0,1,0,0,1
1,0,0,0,4,18,2,18,1,3,4,"female","married",30,3,1,1,2,1,1,0,1,0,0,1
0,0,1,0,2,12,2,10,4,2,2,"male","divorced_separated",19,3,1,1,1,1,0,0,1,0,1,1
0,0,0,0,1,36,2,32,1,4,3,"male","married_widowed",39,1,1,2,2,1,1,0,1,0,0,1
1,0,0,1,1,6,4,20,1,4,2,"male","single",31,3,1,1,1,1,0,0,1,0,0,1
1,0,0,0,4,9,4,24,1,1,3,"male","single",31,3,1,1,1,1,0,0,1,0,0,1
0,0,0,1,2,39,3,118,2,4,3,"male","married_widowed",32,3,1,1,2,1,0,0,1,0,1,1
0,0,0,0,1,12,2,26,1,1,2,"male","married_widowed",55,3,1,1,1,1,0,0,1,0,0,1
1,0,0,1,1,36,4,23,1,3,4,"female","married",46,3,2,1,2,1,0,0,1,0,0,1
0,0,0,1,2,12,2,12,1,5,1,"male","divorced_separated",46,3,2,1,1,1,1,0,1,0,1,2
1,0,1,0,4,24,4,15,4,3,2,"male","divorced_separated",43,3,2,1,1,1,0,0,1,0,0,1
1,0,0,1,4,18,2,15,1,2,4,"male","divorced_separated",39,3,1,1,2,1,0,0,1,0,0,1
1,0,0,1,2,18,4,19,5,3,4,"male","divorced_separated",28,1,2,1,1,1,0,0,1,0,0,1
1,0,0,1,4,24,3,86,1,2,3,"male","single",27,1,2,1,2,1,0,0,1,0,0,2
1,0,1,0,4,14,3,8,1,3,3,"male","single",27,3,2,1,1,1,1,0,1,0,0,1
1,0,0,1,2,18,3,29,5,5,3,"male","single",43,3,1,2,1,1,1,0,1,0,0,1
1,0,0,1,2,24,2,20,1,2,4,"female","married",22,3,1,1,2,1,0,0,1,0,0,2
1,0,0,1,4,24,4,22,5,4,3,"male","single",43,3,2,2,2,1,0,1,1,0,0,1
1,0,0,1,1,15,2,11,1,2,4,"male","divorced_separated",27,3,1,1,1,2,0,0,1,0,0,1
1,0,0,0,4,24,2,32,3,5,1,"male","single",26,3,1,1,2,1,0,0,1,0,0,1
1,0,0,1,3,12,4,9,3,4,4,"male","divorced_separated",28,3,3,1,2,1,1,0,1,0,0,2
1,0,0,1,2,24,2,20,1,5,2,"male","single",20,3,1,1,2,1,0,0,1,0,0,1
1,0,0,0,4,33,4,73,1,4,3,"male","single",35,3,2,1,2,1,0,1,1,0,0,1
1,0,0,0,4,12,4,23,1,1,3,"male","single",42,2,2,1,2,1,0,0,1,0,0,2
0,0,1,0,4,10,2,16,3,3,3,"male","married_widowed",40,3,1,2,1,2,1,0,1,0,1,1
1,0,0,1,1,24,2,14,5,3,2,"female","married",35,3,1,1,1,1,1,0,1,0,0,2
1,0,0,1,4,36,4,58,1,5,3,"female","married",35,3,2,2,2,1,0,1,1,0,0,1
1,0,1,0,1,12,2,26,1,2,3,"male","divorced_separated",33,3,1,2,1,1,1,0,1,0,0,2
0,0,0,1,1,18,3,85,5,3,2,"male","single",23,3,2,1,2,1,0,0,1,0,1,1
1,0,0,0,4,21,2,28,3,4,2,"male","single",31,1,1,1,1,1,1,0,1,0,0,1
1,0,0,1,2,18,2,10,5,3,2,"female","married",33,3,1,1,1,1,1,0,1,0,0,2
0,0,0,1,4,15,2,32,4,4,2,"male","single",20,3,1,1,1,1,1,0,1,0,1,1
1,0,0,1,2,12,2,20,5,3,3,"male","single",30,3,1,1,1,1,0,1,1,0,0,1
1,0,1,0,2,12,4,10,1,4,3,"male","divorced_separated",47,3,2,2,1,1,1,0,1,0,0,1
1,0,0,0,4,21,3,16,2,4,3,"male","divorced_separated",34,3,2,1,1,1,0,0,1,0,0,1
1,0,0,1,2,12,2,28,5,5,2,"female","married",25,1,1,1,2,1,0,0,1,0,0,2
0,0,0,1,2,18,2,28,1,3,4,"male","single",21,3,1,1,2,1,0,1,1,0,1,1
1,0,0,1,4,28,4,27,1,5,3,"male","single",29,3,2,1,1,1,0,0,1,0,0,1
1,0,0,1,4,18,4,11,4,3,3,"male","divorced_separated",46,3,2,1,1,1,0,0,1,0,0,1
1,0,0,1,4,9,2,13,1,5,3,"male","single",20,3,1,1,1,1,0,0,1,0,0,1
0,1,0,0,1,18,4,12,1,1,2,"male","married_widowed",55,3,3,2,1,1,0,0,1,0,0,2
1,0,1,0,4,5,2,34,1,4,3,"male","divorced_separated",74,3,1,1,1,1,0,0,1,0,0,1
1,0,0,0,2,24,2,113,1,3,3,"male","single",29,1,2,1,2,1,0,0,0,1,0,2
0,0,0,0,1,6,4,19,1,1,3,"male","married_widowed",36,3,3,1,2,1,0,0,1,0,0,1
1,0,0,1,4,24,4,21,1,3,1,"male","divorced_separated",33,3,2,1,2,1,0,0,1,0,0,1
1,0,0,1,1,9,2,21,1,3,3,"male","divorced_separated",25,3,1,1,1,1,0,0,1,0,0,1
1,0,0,1,2,12,2,15,5,3,4,"male","divorced_separated",25,3,1,1,2,1,0,0,1,0,0,2
0,0,1,0,4,6,2,7,3,4,4,"male","divorced_separated",23,3,1,1,1,1,0,0,1,0,1,1
1,0,0,1,4,24,4,13,4,5,2,"male","divorced_separated",37,3,2,1,2,1,1,0,1,0,0,1
1,1,0,0,1,42,4,34,1,1,3,"male","single",65,3,2,1,1,1,0,0,0,1,0,1
1,1,0,0,3,12,1,6,1,2,2,"male","divorced_separated",26,3,1,1,1,1,0,0,1,0,0,2
1,0,0,0,4,12,2,19,1,5,3,"male","single",39,3,1,1,2,1,1,0,1,0,0,1
1,0,0,1,1,12,2,16,1,3,2,"female","married",30,3,1,1,1,1,0,0,0,1,0,1
1,0,0,1,2,20,3,26,1,3,3,"male","single",29,1,2,1,2,1,0,0,1,0,0,1
1,0,1,0,4,12,2,7,1,5,3,"male","single",41,1,1,2,1,1,0,0,1,0,0,2
1,0,0,0,2,48,4,51,1,3,2,"male","single",30,3,1,1,2,1,0,0,1,0,0,2
0,0,1,0,4,9,4,12,5,5,2,"female","married",41,3,2,1,1,1,0,0,1,0,1,1
1,0,0,1,1,36,2,18,1,2,2,"male","single",34,3,1,1,2,1,1,0,1,0,0,2
1,0,0,1,2,7,2,26,1,3,3,"male","divorced_separated",35,3,1,1,1,1,0,0,0,0,0,1
1,0,0,0,3,12,2,14,5,5,2,"male","divorced_separated",55,3,1,1,2,1,0,0,1,0,0,1
1,0,0,1,2,15,3,15,4,3,4,"female","married",61,2,2,1,1,1,0,0,1,0,0,2
1,0,0,0,4,36,4,111,5,3,3,"male","single",30,3,1,1,2,1,0,1,1,0,0,1
1,0,0,1,4,6,2,5,1,3,2,"male","divorced_separated",29,3,1,1,1,1,0,0,1,0,0,1
1,0,0,1,4,12,0,28,1,5,3,"female","married",34,3,2,1,1,1,0,0,1,0,0,1
1,0,0,0,4,24,2,27,1,5,3,"male","single",35,3,1,1,2,1,0,1,1,0,0,1
1,0,0,1,1,24,2,48,1,4,3,"female","married",31,3,1,1,2,1,1,0,0,1,0,2
1,0,0,0,4,24,2,27,1,2,2,"male","married_widowed",29,3,1,1,2,1,0,1,1,0,0,1
0,0,0,1,1,11,4,39,1,3,3,"male","divorced_separated",36,3,2,2,1,1,1,0,1,0,1,1
0,0,0,1,1,12,2,34,1,5,3,"male","married_widowed",35,3,1,1,2,1,0,1,1,0,0,2
1,0,0,1,1,6,2,3,1,2,2,"male","divorced_separated",27,3,1,1,1,1,0,0,1,0,0,1
1,0,0,1,4,18,2,46,1,2,3,"male","single",32,3,1,1,2,1,0,0,1,0,0,1
1,0,0,1,1,36,2,36,1,3,3,"female","married",37,3,1,2,1,1,0,0,0,0,0,1
1,0,0,1,1,15,2,17,1,2,3,"male","divorced_separated",36,3,1,1,1,1,1,0,1,0,0,1
0,0,0,0,2,12,2,30,1,2,2,"male","divorced_separated",34,3,1,1,1,1,0,0,1,0,1,1
1,0,0,1,2,12,2,8,5,5,3,"female","married",38,3,2,1,1,1,0,0,1,0,0,1
1,0,0,1,4,18,2,20,1,4,3,"male","single",34,2,2,1,2,1,0,0,1,0,0,1
1,0,0,1,1,24,2,29,1,3,3,"male","married_widowed",63,1,1,2,2,1,0,1,0,0,0,1
0,0,1,0,1,24,3,17,1,2,2,"male","single",29,3,1,1,2,1,0,0,1,0,1,2
1,0,0,1,4,48,3,72,5,5,3,"male","single",32,1,2,2,1,1,0,0,1,0,0,1
1,0,0,1,4,33,3,28,1,3,2,"male","single",26,3,2,1,2,1,0,0,1,0,0,1
1,0,1,0,4,24,3,47,1,4,3,"male","single",35,3,2,1,2,1,0,1,1,0,0,1
0,0,0,1,2,24,2,31,2,2,4,"male","single",22,3,1,1,2,1,0,0,1,0,1,2
1,0,0,1,1,6,2,4,1,2,2,"female","married",23,3,1,1,1,1,0,0,1,0,0,2
1,0,1,0,1,9,2,7,1,3,3,"male","single",28,3,1,1,1,1,1,0,1,0,0,2
1,0,0,0,4,6,2,12,5,1,3,"female","married",36,3,1,2,2,1,0,0,1,0,0,1
1,0,0,1,2,18,4,12,1,3,4,"male","single",33,3,1,1,1,1,0,0,1,0,0,2
0,0,0,1,1,18,0,31,1,2,2,"female","married",26,3,1,1,1,1,0,0,1,0,1,2
1,0,0,1,4,39,2,26,3,3,3,"male","single",24,3,1,1,1,1,0,1,1,0,0,1
1,0,0,1,3,24,2,52,1,4,3,"male","single",25,1,1,1,1,1,0,0,1,0,0,1
1,0,1,0,2,12,2,10,2,4,3,"male","divorced_separated",39,3,1,1,1,1,0,0,1,0,0,1
1,0,0,1,1,15,4,15,1,5,3,"male","single",44,3,2,2,2,1,0,0,1,0,0,1
1,0,1,0,2,12,4,36,1,3,2,"male","divorced_separated",23,3,1,1,1,1,0,0,1,0,0,1
1,0,0,1,2,24,2,12,1,2,3,"female","married",26,3,1,1,1,1,1,0,1,0,0,1
0,0,0,1,1,30,2,36,4,5,2,"female","married",57,3,2,1,2,1,0,0,1,0,1,1
1,0,0,1,4,15,3,10,4,4,2,"female","married",30,3,2,1,1,1,0,0,1,0,0,1
1,0,0,1,4,12,4,12,3,3,3,"male","divorced_separated",44,3,1,1,2,1,1,0,1,0,0,1
1,0,0,0,2,6,3,12,1,1,3,"female","married",47,3,1,1,2,1,1,0,1,0,0,2
1,0,0,1,4,12,2,31,1,3,3,"male","single",52,3,1,1,2,1,0,0,1,0,0,1
0,0,0,1,4,24,2,38,1,5,2,"male","married_widowed",62,3,1,1,2,1,1,0,0,1,0,1
0,0,1,0,4,10,2,14,2,3,3,"male","divorced_separated",35,3,1,1,1,2,1,0,1,0,1,1
0,0,0,1,4,6,2,35,1,3,3,"female","married",26,3,1,1,1,1,1,0,0,0,1,1
1,0,0,1,4,12,4,19,1,5,3,"male","married_widowed",26,3,2,1,1,1,0,0,1,0,0,1
0,0,0,0,2,27,0,83,1,5,2,"male","married_widowed",42,3,2,1,2,1,0,0,1,0,0,2
1,0,0,1,4,6,4,12,2,3,2,"female","married",27,3,2,1,1,1,0,0,1,0,0,1
1,0,0,1,2,6,2,4,5,5,3,"female","married",38,3,1,1,1,1,0,0,1,0,0,1
0,0,1,0,1,12,4,21,1,3,3,"male","divorced_separated",39,3,2,2,1,2,1,0,1,0,1,1
1,0,0,1,1,24,2,30,5,3,4,"male","single",20,3,1,1,1,1,0,0,1,0,0,2
0,0,0,0,2,36,2,90,2,2,3,"male","married_widowed",29,3,1,1,2,1,0,0,0,1,1,2
1,0,0,1,4,24,4,16,1,4,3,"female","married",40,3,2,1,1,1,0,0,1,0,0,1
1,0,1,0,2,18,2,13,1,5,4,"male","divorced_separated",32,3,1,1,1,1,0,0,0,0,0,1
1,0,0,1,3,6,4,13,2,5,1,"male","single",28,3,2,2,2,1,1,0,1,0,0,1
1,0,0,1,1,24,2,31,1,2,2,"female","married",27,3,1,1,1,1,1,0,1,0,0,2
0,0,0,1,1,36,2,55,1,5,3,"male","married_widowed",42,3,1,2,1,1,0,1,1,0,0,1
1,0,0,1,3,9,2,11,2,5,1,"male","divorced_separated",49,3,1,1,1,1,0,0,1,0,0,1
1,0,0,1,2,24,4,12,2,2,3,"male","married_widowed",38,1,2,2,1,1,0,0,1,0,0,2
0,0,0,1,1,24,2,12,1,2,2,"female","married",24,3,1,1,1,1,1,0,1,0,1,2
1,0,1,0,4,10,2,13,5,3,3,"female","married",27,3,1,1,1,1,1,0,0,0,0,2
1,0,0,1,3,15,4,24,3,3,3,"male","single",36,3,1,1,2,1,0,1,1,0,0,1
1,0,0,0,2,15,1,68,2,1,3,"female","married",34,3,1,2,2,1,1,0,1,0,0,2
1,0,0,1,4,24,2,14,1,3,4,"female","married",28,3,1,1,1,1,0,0,1,0,0,1
1,0,0,0,4,39,2,86,2,5,3,"male","single",45,3,1,1,2,1,0,1,1,0,0,1
1,0,0,1,1,12,2,8,1,4,3,"male","divorced_separated",26,3,1,1,1,1,1,0,1,0,0,2
0,0,0,0,4,36,2,47,1,3,3,"male","married_widowed",32,3,1,1,2,1,0,1,1,0,0,1
0,0,0,1,3,15,2,27,1,4,3,"female","married",26,3,1,1,2,1,0,0,1,0,1,1
0,0,0,1,2,12,3,6,1,3,4,"male","divorced_separated",20,3,2,1,1,1,0,0,0,1,1,1
1,0,0,1,4,24,2,23,5,2,3,"female","married",54,3,1,1,1,1,1,0,1,0,0,1
1,0,0,1,1,6,4,6,1,4,2,"female","married",37,3,2,1,1,2,1,0,1,0,0,1
1,0,1,0,1,6,4,14,1,2,3,"male","divorced_separated",40,3,1,2,1,2,1,0,1,0,0,1
0,0,0,1,4,36,4,71,1,2,2,"female","married",23,3,2,1,2,1,0,0,1,0,1,2
1,0,0,1,1,6,2,12,2,5,3,"female","married",43,3,1,1,2,1,1,0,1,0,0,1
0,0,0,1,4,6,4,7,5,5,3,"male","married_widowed",36,3,2,1,1,1,0,0,1,0,0,1
0,0,0,1,4,24,4,55,1,5,3,"male","married_widowed",44,3,2,1,1,1,0,0,1,0,0,1
1,0,0,1,1,18,2,32,1,3,2,"male","divorced_separated",24,3,1,1,1,1,0,0,1,0,0,2
0,0,0,1,1,48,0,71,1,3,3,"male","married_widowed",53,3,2,2,1,1,0,0,1,0,0,2
1,0,0,1,4,24,2,35,2,4,2,"male","single",23,3,1,1,1,1,0,1,1,0,0,1
1,0,1,0,2,18,2,11,1,3,2,"male","divorced_separated",26,3,1,2,1,1,0,0,0,0,0,1
1,0,0,1,2,26,2,80,1,2,3,"male","single",30,3,2,1,1,1,0,1,1,0,0,1
1,0,0,1,4,15,4,15,2,3,2,"male","single",31,3,1,1,1,1,0,0,1,0,0,1
1,0,1,0,4,4,4,15,1,4,3,"male","divorced_separated",42,3,2,2,1,1,0,0,1,0,0,1
0,0,0,1,1,36,2,23,1,3,1,"male","single",31,3,1,1,1,1,0,0,1,0,1,2
1,0,1,0,1,6,2,7,1,2,3,"male","divorced_separated",41,3,1,2,2,1,1,0,1,0,0,1
1,0,0,1,2,36,2,23,1,4,3,"male","single",32,3,2,2,1,1,0,0,1,0,0,1
0,0,0,1,2,15,2,26,2,3,2,"male","single",28,3,2,1,2,1,1,0,1,0,1,2
0,0,0,1,4,12,3,15,1,3,4,"male","divorced_separated",41,3,1,1,1,1,0,1,1,0,1,1
1,0,0,1,4,24,2,13,2,4,4,"female","married",26,3,1,1,2,1,0,0,1,0,0,1
1,0,0,1,4,24,2,31,5,2,3,"male","single",25,3,2,1,1,1,0,0,1,0,0,1
0,0,0,1,3,21,4,23,1,2,1,"male","single",33,3,1,1,1,1,0,0,1,0,1,2
1,0,0,0,1,6,2,14,5,1,2,"female","married",75,3,1,1,2,1,1,0,1,0,0,1
1,0,0,1,2,18,4,36,1,5,2,"female","married",37,3,1,1,2,1,0,0,1,0,0,1
0,0,0,0,1,48,2,78,1,5,3,"male","married_widowed",42,1,1,1,1,1,1,0,1,0,0,2
1,0,1,0,3,18,2,30,1,2,2,"female","married",45,2,1,1,1,1,0,0,1,0,0,1
0,0,0,1,2,12,2,15,1,2,4,"male","divorced_separated",23,3,1,1,1,1,0,0,1,0,1,2
0,0,0,1,4,24,3,20,1,5,3,"male","married_widowed",60,3,2,1,2,1,1,0,1,0,0,1
1,0,0,1,1,30,2,64,5,5,3,"female","married",31,3,1,1,1,1,0,0,1,0,0,2
1,0,1,0,3,18,2,29,1,3,3,"male","divorced_separated",34,3,1,2,1,1,0,0,1,0,0,2
1,0,1,0,4,12,4,13,1,5,3,"male","divorced_separated",61,3,2,1,1,1,1,0,1,0,0,1
0,0,0,1,1,24,3,13,1,1,3,"male","divorced_separated",43,3,2,2,1,1,1,0,1,0,0,2
1,0,0,1,4,24,4,20,1,3,2,"male","single",37,3,1,1,2,1,1,0,1,0,0,1
1,0,0,1,4,24,2,16,1,4,3,"male","single",32,1,1,2,1,1,0,0,1,0,0,1
1,0,1,0,1,12,1,6,1,3,2,"male","divorced_separated",24,1,1,1,1,1,0,0,1,0,0,2
0,0,0,1,4,48,4,89,5,4,3,"male","married_widowed",35,3,2,1,2,1,0,1,1,0,0,1
1,0,0,1,4,12,4,10,5,4,2,"male","divorced_separated",23,3,2,1,1,1,0,0,1,0,0,1
1,0,1,0,4,6,1,18,3,5,3,"female","married",45,1,1,2,1,1,0,0,1,0,0,1
1,0,0,1,1,48,2,70,1,4,4,"male","divorced_separated",34,3,2,1,2,1,0,0,0,0,0,2
1,0,0,1,2,12,4,20,2,2,3,"male","single",27,3,1,1,1,1,1,0,1,0,0,1
1,0,0,0,2,9,2,12,1,4,2,"female","married",67,3,2,1,2,1,0,0,1,0,0,1
1,0,0,1,2,12,2,13,1,2,3,"male","single",22,2,1,1,1,1,0,0,1,0,0,2
1,0,0,1,2,18,0,23,2,2,2,"male","single",28,3,2,1,1,1,1,0,1,0,0,2
1,0,0,1,4,21,0,50,5,3,2,"female","married",29,1,2,1,2,1,1,0,1,0,0,2
1,0,0,1,1,24,1,36,1,4,3,"male","single",27,1,1,1,1,1,0,0,1,0,0,2
1,0,1,0,2,18,4,19,1,2,3,"male","divorced_separated",31,3,2,1,1,1,0,0,1,0,0,2
0,0,0,1,1,24,2,30,5,5,3,"male","married_widowed",49,1,1,2,2,1,0,1,1,0,0,1
0,0,1,0,1,24,1,15,1,4,3,"male","single",24,1,1,1,1,1,0,0,0,0,1,2
1,0,0,1,3,6,3,7,1,2,2,"female","married",29,1,1,1,1,1,0,0,1,0,0,1
0,0,0,1,2,36,2,124,5,3,3,"male","married_widowed",37,3,1,1,2,1,1,0,1,0,0,2
1,0,0,0,2,24,3,47,5,3,3,"female","married",37,1,2,1,2,1,0,0,1,0,0,1
0,0,0,1,2,24,3,16,2,4,2,"female","married",23,3,2,1,2,1,0,0,1,0,1,1
1,0,0,1,1,12,2,14,1,4,1,"male","single",36,3,1,1,1,1,1,0,1,0,0,2
1,0,0,1,4,24,4,26,4,5,3,"male","single",34,3,1,1,1,1,0,0,1,0,0,1
1,0,0,1,2,48,2,40,5,4,3,"male","single",41,3,2,2,2,1,0,0,1,0,0,1
1,0,0,1,1,48,2,68,1,3,2,"male","single",31,3,1,1,2,1,0,0,1,0,0,2
0,0,1,0,1,24,2,32,1,2,2,"male","divorced_separated",23,3,1,1,2,1,0,0,1,0,1,2
1,0,0,1,4,30,4,60,1,4,3,"male","single",38,3,1,1,1,1,0,0,0,1,0,1
0,0,0,0,4,24,2,54,5,1,2,"female","married",26,3,1,1,2,1,0,1,1,0,1,1
1,0,1,0,1,15,2,8,1,3,2,"female","married",22,3,1,1,1,1,0,0,1,0,0,1
1,0,1,0,2,9,2,11,1,5,3,"male","single",27,3,2,1,1,1,0,0,1,0,0,1
1,0,0,1,4,15,4,28,1,4,2,"male","single",24,1,2,1,1,1,0,0,0,1,0,1
1,0,0,1,2,12,2,29,1,4,2,"male","divorced_separated",27,3,1,1,1,1,0,0,1,0,0,1
1,0,0,1,4,24,4,19,5,3,2,"male","single",33,3,2,1,2,1,0,0,1,0,0,1
1,0,0,1,2,36,4,28,1,2,1,"male","single",27,3,2,1,1,1,1,0,1,0,0,2
1,0,1,0,4,24,2,9,1,2,4,"male","single",27,3,2,1,1,1,0,0,1,0,0,1
1,0,0,1,2,18,4,11,1,5,3,"male","divorced_separated",30,1,2,1,1,1,1,0,0,0,0,2
1,0,1,0,2,12,4,31,1,2,3,"male","divorced_separated",49,1,2,2,1,1,1,0,1,0,0,1
0,0,0,1,4,9,2,14,1,3,2,"male","divorced_separated",26,3,1,1,1,1,0,0,1,0,1,1
0,0,1,0,2,36,2,24,1,2,3,"male","married_widowed",33,3,1,1,1,1,0,0,1,0,1,2
0,0,0,0,4,12,2,21,5,5,2,"male","married_widowed",52,3,1,1,2,1,1,0,1,0,0,1
0,0,0,1,1,18,2,20,1,3,2,"male","divorced_separated",20,1,1,1,1,1,0,0,1,0,1,2
0,0,0,1,1,9,4,28,1,3,3,"male","divorced_separated",36,3,2,2,1,1,1,0,1,0,1,1
1,0,1,0,1,12,2,13,1,3,3,"female","married",21,3,1,1,1,1,0,0,0,0,0,1
1,0,1,0,1,18,2,12,1,3,4,"male","divorced_separated",47,3,1,1,2,1,0,0,1,0,0,2
1,0,0,1,1,12,4,22,1,5,3,"female","married",60,3,2,1,1,1,0,0,1,0,0,2
1,0,1,0,1,12,4,4,1,4,2,"male","divorced_separated",58,3,4,1,2,1,0,0,1,0,0,1
0,0,0,1,2,24,3,20,5,3,2,"male","single",42,3,2,1,2,1,1,0,1,0,1,1
1,0,1,0,4,21,2,16,4,5,2,"male","divorced_separated",36,1,1,1,1,1,0,0,1,0,0,1
0,0,1,0,2,24,2,27,1,3,2,"female","married",20,3,1,1,2,1,1,0,1,0,1,2
1,0,0,0,1,24,1,14,5,5,3,"male","single",40,2,1,1,2,1,0,0,1,0,0,2
1,0,1,0,2,6,1,9,2,2,2,"female","married",32,2,1,1,1,1,1,0,1,0,0,2
0,0,0,1,1,24,2,14,1,4,2,"male","single",23,3,2,1,1,1,1,0,1,0,1,2
1,0,1,0,2,24,0,42,1,3,3,"male","divorced_separated",36,3,3,1,2,1,0,0,1,0,0,2
1,0,0,1,4,18,4,28,1,4,3,"female","married",31,1,2,1,1,1,1,0,1,0,0,2
0,0,0,1,4,24,3,39,1,3,3,"male","married_widowed",32,3,1,1,1,1,0,0,1,0,0,1
1,0,0,1,2,7,2,23,1,2,2,"male","divorced_separated",45,3,1,1,1,1,0,0,0,0,0,1
1,0,0,1,2,9,2,9,1,3,2,"female","married",30,3,1,1,1,1,0,0,1,0,0,2
0,0,1,0,2,24,1,18,1,4,2,"male","married_widowed",34,1,1,1,1,1,0,0,1,0,0,2
1,0,0,0,4,36,2,33,1,3,2,"male","single",28,3,1,1,2,1,0,0,1,0,0,2
1,0,0,1,3,10,2,13,1,2,2,"female","married",23,3,1,1,1,1,0,0,1,0,0,1
1,0,0,1,1,24,1,28,3,3,3,"male","divorced_separated",22,2,1,1,2,1,0,0,1,0,0,1
1,0,0,0,4,24,4,45,1,3,3,"male","divorced_separated",74,3,1,1,2,1,0,0,1,0,0,1
0,0,0,1,2,36,2,27,2,3,2,"male","married_widowed",50,3,1,1,1,1,0,0,0,1,0,2
1,0,0,1,4,18,2,21,1,2,3,"male","divorced_separated",33,3,1,1,1,1,0,0,1,0,0,1
0,0,0,1,4,15,2,13,5,5,3,"male","married_widowed",45,1,1,2,1,1,0,1,1,0,0,1
1,0,0,1,1,12,2,7,2,1,2,"female","married",22,3,1,1,1,1,0,0,1,0,0,2
0,0,1,0,3,10,2,12,2,5,2,"male","married_widowed",48,3,1,2,1,1,1,0,1,0,0,2
1,0,0,1,1,21,2,34,4,2,2,"male","single",29,1,1,1,1,1,0,0,1,0,0,1
0,0,0,1,1,24,1,36,1,3,2,"male","single",22,1,1,1,1,2,0,1,0,0,1,1
1,0,0,1,4,18,3,18,1,4,2,"male","divorced_separated",22,3,1,1,1,1,0,0,1,0,0,2
1,0,0,0,2,48,0,122,5,3,3,"male","single",48,1,1,1,2,1,0,0,1,0,0,1
0,0,0,0,2,60,3,92,5,3,3,"male","married_widowed",27,3,1,1,1,1,0,0,1,0,0,1
0,0,0,1,1,6,4,37,1,3,3,"male","divorced_separated",37,3,3,2,1,1,1,0,1,0,1,1
0,0,0,1,2,30,2,34,2,3,2,"male","single",21,3,1,1,1,1,0,0,0,1,1,2
1,0,1,0,4,12,2,6,1,3,1,"male","divorced_separated",49,3,1,1,1,1,1,0,1,0,0,1
1,0,0,1,2,21,4,37,1,4,3,"female","married",27,3,2,1,1,1,0,0,1,0,0,1
1,0,0,1,4,18,4,15,1,3,3,"female","married",32,1,2,1,1,1,1,0,1,0,0,2
1,0,0,1,4,48,2,39,5,3,1,"male","divorced_separated",38,1,1,1,1,1,0,0,1,0,0,2
0,0,0,1,1,12,2,19,1,2,2,"male","single",22,3,1,1,1,1,0,0,1,0,1,1
0,0,0,1,1,18,2,26,1,3,3,"male","married_widowed",65,3,2,1,1,1,0,0,1,0,0,2
1,0,0,1,4,15,2,20,5,5,3,"male","single",35,3,1,1,1,1,0,0,1,0,0,1
1,0,0,1,3,6,2,21,1,3,3,"male","divorced_separated",41,3,1,1,2,1,0,0,1,0,0,1
1,0,0,1,2,9,1,14,2,4,3,"male","married_widowed",29,3,1,1,1,1,1,0,1,0,0,2
1,0,0,1,4,42,4,40,3,3,3,"male","divorced_separated",36,3,2,1,2,1,0,0,1,0,0,1
1,0,1,0,4,9,2,38,5,5,3,"male","divorced_separated",64,3,1,1,1,1,0,0,1,0,0,1
1,0,0,1,1,24,2,37,1,3,2,"male","single",28,3,1,1,1,1,0,0,1,0,0,1
1,0,0,1,1,18,1,16,1,3,3,"male","single",44,1,1,1,1,1,0,0,1,0,0,2
1,0,0,1,2,15,2,14,5,2,3,"female","married",23,3,1,1,1,1,0,0,1,0,0,1
0,0,0,1,4,9,2,20,1,2,2,"male","single",19,3,2,1,1,1,0,0,0,1,1,2
1,0,1,0,2,24,2,14,1,2,2,"male","single",25,3,1,1,2,1,1,0,1,0,0,2
1,0,0,1,4,12,2,14,1,5,3,"female","married",47,1,3,2,2,1,0,0,1,0,0,1
1,0,0,1,4,24,2,14,3,4,2,"male","single",28,3,1,1,1,1,0,0,1,0,0,1
1,0,0,1,4,60,3,157,1,4,3,"male","single",21,3,2,1,2,1,0,0,1,0,0,1
1,0,0,1,4,12,2,15,1,2,2,"male","single",34,3,1,2,1,1,0,0,1,0,0,1
1,0,0,1,1,42,3,44,1,4,3,"female","married",26,1,2,2,2,1,0,0,1,0,0,2
1,1,0,0,1,18,2,8,1,1,2,"male","divorced_separated",27,3,1,1,1,1,0,0,1,0,0,2
1,0,1,0,2,15,2,13,1,5,3,"male","single",38,3,2,1,1,1,0,0,1,0,0,1
1,0,0,0,4,15,2,46,2,3,3,"female","married",40,3,1,1,2,1,0,0,1,0,0,2
1,0,0,1,4,24,4,19,1,4,4,"male","single",33,3,2,1,2,1,0,0,0,0,0,1
1,0,0,0,1,18,4,19,1,4,4,"female","married",32,3,2,1,2,1,0,0,1,0,0,1
0,0,0,1,4,36,3,80,5,2,3,"male","single",27,3,2,1,2,1,0,0,1,0,1,2
1,0,0,1,1,30,0,46,1,3,1,"male","divorced_separated",32,3,2,1,1,1,0,0,0,0,0,1
1,0,0,1,4,12,2,14,3,3,2,"female","married",26,3,1,1,1,1,1,0,1,0,0,2
0,0,0,1,3,24,2,9,1,4,3,"male","married_widowed",38,1,1,2,1,1,1,0,1,0,0,2
0,0,1,0,1,12,2,7,1,3,3,"male","single",40,3,1,2,1,1,0,0,1,0,1,2
0,0,0,0,1,48,2,75,1,4,3,"male","married_widowed",50,3,1,1,2,1,0,0,1,0,0,1
1,0,1,0,2,12,2,19,1,3,3,"female","married",37,3,1,1,1,1,0,0,1,0,0,2
1,0,0,1,1,24,2,23,1,5,3,"male","divorced_separated",45,3,1,1,1,1,1,0,0,1,0,2
1,0,0,0,2,36,3,81,2,5,3,"male","single",42,3,4,1,2,1,1,0,1,0,0,2
1,0,0,1,4,24,4,23,1,4,3,"male","single",35,3,2,1,2,1,0,1,1,0,0,1
0,0,0,1,1,14,2,40,1,1,3,"male","married_widowed",22,3,1,1,1,1,1,0,1,0,0,1
1,0,1,0,2,12,2,9,1,5,3,"male","single",41,1,1,2,1,1,1,0,1,0,0,2
1,0,0,1,4,48,2,102,5,4,3,"male","single",37,2,1,1,2,1,0,0,1,0,0,1
1,0,0,1,2,30,0,42,1,3,2,"male","single",28,3,2,1,1,1,0,0,1,0,0,1
1,0,0,1,2,18,4,64,1,5,3,"male","married_widowed",41,3,1,1,2,1,0,0,1,0,0,1
0,0,0,1,3,12,2,13,1,3,4,"male","divorced_separated",23,3,1,1,1,1,0,0,1,0,1,1
1,0,0,1,1,12,2,9,5,3,4,"male","single",23,3,1,1,1,1,1,0,1,0,0,2
1,0,0,1,4,21,2,22,1,5,3,"male","divorced_separated",50,3,2,1,1,1,0,0,1,0,0,1
1,0,0,0,2,6,3,10,1,1,3,"female","married",35,2,2,1,2,1,0,0,1,0,0,1
1,0,1,0,3,6,4,10,1,3,2,"female","married",50,3,1,1,1,1,0,0,1,0,0,1
1,0,0,0,4,24,4,63,1,1,3,"male","married_widowed",27,1,2,1,2,1,0,0,0,1,0,1
1,0,0,1,2,30,1,35,4,3,3,"male","single",34,2,1,2,2,1,0,0,1,0,0,1
1,0,0,1,4,48,1,36,1,3,2,"male","divorced_separated",27,2,1,1,1,1,0,0,1,0,0,1
0,0,0,1,1,12,4,48,1,5,3,"female","married",43,3,2,1,2,1,1,0,0,1,1,2
1,0,0,1,3,30,4,30,1,5,3,"female","married",47,3,1,1,1,1,0,0,1,0,0,1
1,0,1,0,4,24,4,41,2,3,3,"female","married",27,3,2,1,2,1,0,0,1,0,0,1
1,0,0,1,4,36,2,57,2,4,3,"male","single",31,3,2,1,2,1,0,0,1,0,0,1
1,0,0,0,4,60,2,104,1,5,3,"female","married",42,3,1,1,2,1,1,0,1,0,0,1
1,0,0,1,4,6,4,21,3,3,4,"male","single",24,3,1,1,1,1,1,0,1,0,0,1
1,0,1,0,4,21,3,26,3,2,3,"male","divorced_separated",41,1,1,2,1,1,0,0,1,0,0,2
0,0,0,0,4,30,4,45,1,4,2,"male","single",26,3,1,1,2,1,0,0,1,0,1,1
1,0,0,1,4,24,4,52,1,5,3,"male","single",33,3,1,1,2,1,0,0,1,0,0,1
1,0,0,1,2,72,2,56,2,3,4,"male","single",24,3,1,1,1,1,0,0,1,0,0,2
0,0,1,0,1,24,2,24,1,5,3,"male","divorced_separated",64,1,1,1,1,1,0,0,1,0,1,1
1,0,0,1,4,18,2,15,1,2,2,"male","divorced_separated",26,3,1,1,1,1,0,0,1,0,0,1
1,0,0,1,4,6,2,15,1,2,2,"male","married_widowed",56,3,1,1,1,1,0,0,1,0,0,1
0,0,0,1,4,12,2,23,5,3,3,"male","married_widowed",37,3,1,1,2,1,0,0,1,0,0,1
1,0,0,1,4,15,3,15,1,3,4,"male","divorced_separated",33,1,2,1,1,1,0,0,1,0,0,1
0,0,0,1,4,24,4,51,1,2,4,"male","married_widowed",47,3,3,1,2,1,0,0,1,0,0,1
1,0,1,0,2,36,3,99,2,4,3,"female","married",31,3,2,2,2,1,0,0,1,0,0,1
0,0,0,1,4,60,2,65,5,3,3,"male","married_widowed",34,3,1,2,2,1,1,0,1,0,0,1
1,0,0,1,3,10,4,13,5,4,3,"female","married",27,3,2,1,2,1,0,0,1,0,0,1
0,0,0,1,2,36,3,29,2,5,3,"male","married_widowed",30,3,1,1,1,1,1,0,1,0,0,1
1,0,0,1,4,9,2,28,2,5,3,"male","single",35,3,1,1,2,1,0,0,0,1,0,1
1,0,0,1,1,12,2,37,4,3,3,"female","married",31,3,1,2,1,1,1,0,1,0,0,1
1,0,0,1,1,15,4,10,1,3,1,"female","married",25,3,2,1,1,1,0,0,1,0,0,1
1,0,1,0,2,15,2,26,2,3,2,"male","divorced_separated",25,3,1,1,1,1,0,0,1,0,0,1
1,0,0,1,2,24,2,29,2,2,3,"male","single",29,3,1,1,1,1,0,0,1,0,0,1
1,0,1,0,1,6,4,47,5,2,3,"male","divorced_separated",44,3,2,2,1,1,1,0,1,0,0,1
1,0,0,1,4,24,2,23,1,4,3,"male","single",28,3,1,1,2,1,0,0,1,0,0,1
0,0,0,1,4,6,2,12,3,3,3,"female","married",50,3,1,1,1,1,0,1,1,0,1,1
1,0,0,1,2,12,2,11,1,4,3,"male","divorced_separated",29,3,2,1,1,2,0,0,0,0,0,1
1,1,0,0,4,12,4,9,1,1,2,"female","married",38,3,1,1,1,1,1,0,1,0,0,1
1,0,0,1,4,18,4,18,1,3,3,"male","single",24,3,2,1,1,1,0,0,1,0,0,1
0,0,0,0,3,15,2,19,1,5,3,"male","single",40,3,1,1,2,1,0,0,1,0,1,1
0,0,1,0,4,12,2,11,3,3,2,"male","single",29,3,1,1,1,1,0,0,1,0,1,2
0,0,0,1,1,48,4,63,1,5,3,"male","married_widowed",46,3,2,1,2,1,0,1,1,0,0,2
0,0,0,1,3,24,2,14,2,5,2,"male","married_widowed",47,3,1,1,2,1,0,0,1,0,0,1
1,0,0,1,2,30,3,25,2,5,3,"female","married",41,2,2,1,1,1,0,0,1,0,0,1
1,0,0,1,2,27,2,25,1,2,2,"female","married",32,3,1,2,2,1,0,0,1,0,0,1
0,0,0,1,4,15,2,53,3,5,2,"male","married_widowed",35,3,1,1,1,1,1,0,1,0,0,1
1,0,0,1,2,48,2,66,2,4,3,"female","married",24,3,1,1,1,1,1,0,1,0,0,2
0,0,0,1,2,12,0,30,1,2,2,"female","married",25,3,2,1,1,1,0,0,1,0,1,2
1,0,0,1,2,9,2,12,1,5,2,"male","divorced_separated",25,3,1,1,1,1,0,0,1,0,0,1
1,0,1,0,2,9,2,21,1,3,3,"male","divorced_separated",37,3,1,2,1,1,0,0,1,0,0,1
1,0,0,0,4,18,4,6,3,5,3,"female","married",32,1,2,1,2,1,0,0,1,0,0,1
0,0,0,1,1,6,1,12,1,5,2,"male","married_widowed",35,3,1,1,1,1,0,0,1,0,0,2
1,0,0,0,4,21,2,25,5,5,3,"male","divorced_separated",46,3,1,1,2,1,0,1,1,0,0,1
1,0,1,0,1,9,4,11,1,3,3,"male","divorced_separated",25,3,2,1,1,1,0,0,1,0,0,1
1,0,0,0,2,60,2,140,1,4,3,"male","married_widowed",27,3,1,1,2,1,1,0,1,0,0,2
1,0,0,1,4,30,4,76,5,5,3,"male","single",63,3,2,1,1,1,0,1,1,0,0,1
1,0,0,1,4,30,4,31,5,5,3,"male","single",40,3,2,2,2,1,0,0,1,0,0,1
0,0,0,0,4,18,2,15,1,3,3,"male","married_widowed",32,3,1,1,2,1,0,0,1,0,0,1
1,0,0,1,3,24,4,31,5,3,3,"male","single",31,3,2,1,2,1,0,0,1,0,0,1
1,0,0,1,2,20,0,61,2,5,4,"male","single",31,1,2,1,2,1,0,1,1,0,0,1
1,0,0,0,3,9,0,13,1,2,3,"male","single",34,3,2,1,2,1,0,0,1,0,0,2
0,0,0,1,2,6,1,4,4,2,2,"female","married",24,1,1,2,1,1,0,0,1,0,1,2
1,0,1,0,1,12,2,12,1,3,2,"male","divorced_separated",24,3,1,1,1,1,1,0,1,0,0,2
1,0,1,0,2,9,2,8,3,3,2,"male","divorced_separated",66,3,1,1,1,1,0,0,1,0,0,1
0,0,0,1,4,27,2,26,1,3,2,"male","divorced_separated",21,3,1,1,1,1,1,0,1,0,1,2
1,0,1,0,4,6,4,2,4,3,2,"male","divorced_separated",41,1,2,1,1,1,1,0,1,0,0,1
1,0,1,0,4,15,4,13,3,3,4,"female","married",47,3,2,1,1,1,0,0,1,0,0,1
0,0,0,1,1,18,2,19,1,3,2,"male","single",25,1,2,1,1,1,0,0,1,0,1,2
0,0,0,1,2,48,1,64,1,5,2,"male","married_widowed",59,3,1,1,1,1,0,0,1,0,1,2
1,0,0,1,3,24,4,13,4,3,1,"male","divorced_separated",36,3,2,1,2,1,0,0,1,0,0,1
1,0,0,1,2,24,3,64,1,2,3,"male","single",33,3,1,1,1,1,0,0,1,0,0,1
0,0,1,0,1,24,2,20,1,3,3,"male","divorced_separated",21,3,1,2,1,1,0,0,1,0,1,2
1,0,1,0,2,8,2,8,1,4,2,"male","divorced_separated",44,3,1,1,1,1,0,0,0,0,0,1
0,0,0,1,4,24,2,26,4,3,2,"male","single",28,3,1,1,2,1,0,1,1,0,1,1
1,0,0,1,4,4,4,34,1,4,2,"male","divorced_separated",37,3,1,2,1,1,1,0,1,0,0,1
1,1,0,0,2,36,1,40,5,2,2,"male","married_widowed",29,1,1,1,1,1,0,0,1,0,0,1
0,0,0,0,2,24,2,116,1,3,2,"male","single",23,3,2,1,1,1,0,1,1,0,1,2
1,0,1,0,1,18,2,44,2,3,3,"male","single",35,3,1,2,2,1,1,0,1,0,0,1
1,0,0,0,4,6,4,68,1,4,3,"male","married_widowed",45,3,2,2,2,1,1,0,1,0,0,1
0,0,1,0,2,30,0,43,2,3,2,"male","single",26,3,2,1,1,1,0,0,1,0,1,2
1,0,0,1,1,24,1,23,2,4,3,"male","single",32,1,1,1,1,1,1,0,1,0,0,1
1,0,1,0,2,10,1,10,1,3,3,"male","divorced_separated",23,2,1,1,1,1,0,0,1,0,0,1
1,0,0,1,4,21,2,32,5,5,3,"female","married",41,3,1,1,2,1,0,0,1,0,0,1
1,0,0,1,1,24,1,25,3,3,3,"male","divorced_separated",22,2,1,1,2,1,0,0,1,0,0,1
1,0,0,0,1,39,4,142,5,4,3,"female","married",30,3,2,1,2,1,0,0,1,0,0,1
1,0,1,0,1,13,4,18,1,2,3,"female","married",28,1,2,1,1,1,0,0,1,0,0,1
0,0,0,1,1,15,2,25,1,1,2,"male","single",23,3,1,1,1,1,1,0,1,0,1,1
1,0,1,0,1,12,2,13,1,2,2,"male","divorced_separated",37,3,1,1,1,1,1,0,1,0,0,2
1,0,0,1,4,21,2,52,5,3,3,"male","single",26,3,1,1,1,1,0,1,1,0,0,1
1,0,0,1,4,15,2,30,1,4,3,"male","single",33,3,1,1,1,1,0,1,1,0,0,1
1,0,0,1,1,6,2,4,1,5,2,"female","married",49,1,1,1,2,1,0,0,1,0,0,1
1,0,1,0,1,18,2,10,1,2,2,"male","single",23,3,1,1,1,1,1,0,1,0,0,2
0,0,1,0,2,12,2,8,2,4,2,"male","divorced_separated",23,3,1,1,1,1,0,0,1,0,1,1
1,0,0,1,4,30,4,58,1,4,2,"male","single",25,3,2,1,1,1,0,0,1,0,0,1
0,0,0,1,4,12,3,16,4,5,3,"male","married_widowed",55,3,2,2,1,1,0,0,1,0,0,2
0,0,0,1,1,24,2,13,5,4,2,"male","married_widowed",32,3,1,1,1,1,1,0,1,0,1,2
1,1,0,0,3,6,4,13,1,3,3,"male","divorced_separated",74,3,3,2,1,2,1,0,1,0,0,1
0,0,0,1,3,15,4,13,5,3,3,"male","married_widowed",39,3,2,1,2,1,0,0,1,0,0,2
1,0,0,1,4,24,2,14,1,3,3,"male","divorced_separated",31,3,1,1,2,1,1,0,0,0,0,1
1,0,0,1,1,12,4,7,1,5,3,"female","married",35,3,2,1,1,1,1,0,1,0,0,2
1,0,0,1,4,15,4,50,5,5,2,"male","single",59,3,1,1,2,1,1,0,1,0,0,1
0,0,0,1,1,18,4,21,1,3,2,"male","divorced_separated",24,3,2,1,1,1,0,0,1,0,1,2
1,0,1,0,1,12,2,22,1,3,3,"female","married",24,3,1,1,1,1,0,0,1,0,0,1
0,0,0,0,4,21,4,127,5,5,3,"male","married_widowed",30,3,1,1,2,1,1,0,1,0,0,2
1,0,0,1,4,24,4,25,2,4,4,"female","married",27,3,2,1,2,1,1,0,1,0,0,1
1,0,1,0,2,12,2,12,1,5,4,"male","divorced_separated",40,1,2,1,1,1,0,0,0,0,0,1
1,0,1,0,1,30,2,31,1,2,1,"female","married",31,3,1,1,1,1,0,0,1,0,0,2
0,0,0,1,4,10,2,29,5,2,2,"male","divorced_separated",31,3,1,1,1,1,0,1,1,0,1,1
0,0,0,1,2,12,4,36,1,5,3,"male","single",28,3,3,1,2,1,0,0,1,0,1,1
1,0,1,0,4,12,4,17,1,5,3,"male","divorced_separated",63,3,2,1,2,1,0,0,1,0,0,1
0,0,0,1,1,24,2,28,5,5,2,"male","divorced_separated",26,3,1,1,1,1,0,1,1,0,1,1
1,0,0,0,1,36,4,81,1,3,2,"male","married_widowed",25,3,2,1,2,1,0,0,1,0,0,2
1,0,0,0,4,21,4,33,1,5,3,"male","single",36,3,1,1,2,1,0,1,1,0,0,1
1,0,0,1,4,24,4,22,2,5,3,"female","married",52,1,2,1,1,1,0,0,1,0,0,1
0,1,0,0,3,12,4,15,3,1,3,"male","married_widowed",66,1,3,1,1,1,1,0,1,0,0,1
0,0,0,1,1,24,2,14,5,3,2,"male","divorced_separated",25,3,1,1,1,1,1,0,1,0,1,2
1,0,0,1,4,36,4,35,1,4,3,"male","single",37,3,2,1,2,1,1,0,1,0,0,1
1,0,0,1,1,18,2,35,1,4,2,"male","divorced_separated",25,3,1,1,1,1,0,0,0,0,0,1
1,0,0,0,4,36,4,57,4,5,3,"male","single",38,3,2,1,2,1,0,1,1,0,0,1
1,0,0,1,2,18,2,39,1,1,2,"male","single",67,3,1,1,2,1,0,0,1,0,0,1
1,0,0,1,2,39,4,49,1,4,3,"male","divorced_separated",25,3,2,1,1,1,0,0,0,0,0,2
1,0,0,1,4,24,4,19,4,5,3,"male","divorced_separated",60,3,1,1,2,1,1,0,1,0,0,1
1,0,1,0,2,12,0,14,1,3,3,"male","divorced_separated",31,3,1,1,2,1,0,0,1,0,0,1
1,0,1,0,2,12,2,8,2,2,2,"female","married",23,1,1,1,1,1,1,0,1,0,0,2
1,0,0,0,2,20,2,65,5,1,1,"male","divorced_separated",60,3,1,1,2,1,0,1,1,0,0,1
1,0,1,0,2,18,2,19,4,3,3,"female","married",35,3,1,1,2,1,0,0,1,0,0,1
1,0,0,1,4,22,2,27,3,5,3,"male","single",40,3,1,1,1,1,0,0,1,0,0,1
1,0,0,1,4,48,4,28,5,5,3,"male","single",38,3,2,2,2,1,0,1,1,0,0,1
0,0,0,1,2,48,3,62,1,5,3,"male","married_widowed",50,3,1,1,1,1,0,0,1,0,0,2
1,0,0,1,1,40,4,60,1,3,3,"male","married_widowed",27,1,1,1,2,1,0,0,1,0,0,2
1,0,0,1,2,21,2,12,1,5,2,"female","married",39,3,1,2,1,1,0,0,1,0,0,2
1,0,0,0,4,24,2,63,5,5,3,"male","single",41,3,1,2,2,1,0,1,1,0,0,1
1,0,0,1,4,6,4,12,5,3,4,"female","married",27,3,2,1,1,1,0,0,1,0,0,1
0,0,0,1,3,24,2,29,1,5,1,"male","married_widowed",51,3,1,1,1,1,0,0,1,0,0,1
0,0,0,1,4,24,2,31,3,5,3,"male","married_widowed",32,3,1,1,2,1,0,0,1,0,1,1
0,0,0,1,4,9,2,23,2,2,2,"female","married",22,3,1,1,1,1,0,0,1,0,1,1
0,0,0,1,1,18,2,75,5,5,3,"female","married",51,3,1,2,2,1,0,1,1,0,0,2
0,0,1,0,4,12,4,13,1,2,2,"female","married",22,3,2,1,1,1,0,0,1,0,1,1
1,0,0,1,4,24,3,7,5,5,4,"male","single",54,3,2,1,2,1,1,0,1,0,0,1
1,1,0,0,2,9,2,15,5,2,3,"male","divorced_separated",35,3,1,1,1,1,1,0,1,0,0,1
0,0,0,1,4,24,4,16,1,5,3,"male","married_widowed",54,3,2,2,1,1,0,0,1,0,0,1
0,0,1,0,2,18,4,18,1,5,2,"male","divorced_separated",48,1,2,1,2,1,0,0,0,0,1,1
1,0,0,1,1,20,4,43,1,5,2,"female","married",24,3,2,1,1,1,0,0,1,0,0,1
1,0,0,1,4,12,4,10,5,5,3,"male","single",35,3,2,1,1,1,0,0,1,0,0,1
0,1,0,0,2,12,2,75,5,1,2,"male","divorced_separated",24,3,1,1,1,1,1,0,1,0,1,1
1,0,0,1,1,36,2,93,1,4,3,"male","single",24,3,1,1,2,1,1,0,1,0,0,2
1,0,1,0,2,6,2,6,1,2,4,"male","divorced_separated",26,3,1,1,1,2,0,0,1,0,0,1
1,0,0,1,4,12,4,9,5,5,3,"male","divorced_separated",65,3,4,1,1,1,0,0,1,0,0,1
0,0,0,0,2,42,1,93,1,1,3,"male","married_widowed",55,1,1,1,2,1,0,1,1,0,0,1
0,1,0,0,2,15,0,18,1,2,2,"male","divorced_separated",26,3,2,1,1,1,1,0,1,0,1,2
1,0,0,1,2,8,2,9,1,2,4,"male","divorced_separated",26,3,1,1,2,1,0,0,1,0,0,1
1,0,1,0,2,6,2,5,1,4,4,"male","divorced_separated",28,1,1,1,1,1,0,0,0,0,0,1
1,0,0,1,1,36,4,96,1,4,3,"male","single",24,3,2,1,2,1,0,1,1,0,0,2
1,0,0,1,1,48,2,31,1,3,3,"male","single",54,3,1,1,1,1,0,0,1,0,0,2
0,0,0,1,1,48,2,39,1,4,3,"male","married_widowed",46,3,1,2,1,1,1,0,1,0,0,2
0,0,0,1,2,36,3,74,1,3,2,"female","married",54,3,1,1,1,1,1,0,1,0,1,1
1,0,0,1,4,6,2,13,3,3,1,"male","divorced_separated",62,3,1,1,1,1,0,0,1,0,0,1
0,0,0,1,4,6,4,16,1,4,2,"male","single",24,3,2,1,2,1,0,0,1,0,1,1
1,0,0,0,1,36,2,159,1,1,1,"male","single",43,3,1,1,1,1,0,0,0,1,0,1
1,0,0,1,1,18,2,13,1,3,4,"male","divorced_separated",26,1,1,1,1,1,0,0,1,0,0,2
1,0,0,1,4,12,2,11,1,3,4,"male","divorced_separated",27,3,2,1,2,1,1,0,1,0,0,1
1,0,0,1,3,12,2,30,1,3,4,"male","single",24,3,1,1,1,1,0,0,1,0,0,1
1,0,0,1,1,36,2,27,1,5,3,"female","married",41,1,1,2,1,1,0,0,1,0,0,2
1,0,1,0,1,8,4,7,1,5,3,"male","divorced_separated",47,3,2,1,1,1,1,0,1,0,0,1
1,0,0,0,4,18,4,38,1,2,1,"male","single",35,3,2,1,2,1,0,0,1,0,0,1
1,0,0,1,1,21,4,16,1,5,4,"male","single",30,3,2,1,2,1,1,0,1,0,0,1
0,0,0,1,1,18,4,40,1,5,2,"male","divorced_separated",33,1,3,1,2,1,1,0,1,0,1,2
1,0,0,1,4,18,0,42,1,3,3,"male","single",36,2,2,2,1,1,0,0,1,0,0,2
0,0,0,1,1,36,2,83,5,5,3,"male","married_widowed",47,3,1,1,1,1,0,1,1,0,0,2
0,0,0,1,2,48,3,67,5,3,3,"male","married_widowed",38,3,1,2,2,1,0,0,1,0,0,1
1,0,0,1,4,24,3,24,3,3,3,"male","single",44,3,2,2,2,1,0,0,1,0,0,1
0,0,0,1,1,18,2,12,1,2,2,"male","single",23,3,1,1,2,1,1,0,1,0,1,2
0,0,0,1,1,45,0,118,1,5,3,"male","single",29,3,2,1,1,1,0,0,1,0,1,2
1,0,0,1,2,24,2,51,5,5,2,"male","single",42,3,1,1,2,1,0,0,1,0,0,1
1,0,1,0,3,15,2,23,1,2,2,"male","divorced_separated",25,3,1,1,1,1,0,0,1,0,0,2
1,0,0,1,1,12,0,11,1,3,3,"male","single",48,1,2,1,1,1,1,0,1,0,0,2
1,0,0,1,4,12,2,9,5,3,2,"male","single",21,3,1,1,1,1,0,0,1,0,0,1
0,0,1,0,4,4,2,6,1,2,2,"male","divorced_separated",23,3,1,2,1,1,0,0,1,0,1,1
1,0,0,1,1,24,4,30,1,5,3,"female","married",63,3,2,1,2,1,0,1,1,0,0,1
1,0,0,1,4,24,4,26,1,5,4,"male","divorced_separated",46,3,2,1,1,1,0,0,0,1,0,1
1,0,0,1,1,36,2,52,1,4,3,"female","married",29,3,1,1,1,1,0,0,1,0,0,2
1,0,1,0,4,21,3,30,1,3,3,"male","divorced_separated",28,2,2,1,1,1,0,1,1,0,0,1
1,0,0,1,4,18,2,19,1,2,2,"male","divorced_separated",23,3,1,1,1,1,0,0,1,0,0,2
1,0,0,1,4,24,1,16,1,4,3,"male","single",50,1,1,1,2,1,0,0,1,0,0,1
1,0,0,1,4,18,2,34,1,5,3,"female","married",47,1,3,2,2,1,0,0,1,0,0,1
1,0,0,1,2,21,2,40,5,4,3,"male","single",35,3,1,1,2,1,0,0,1,0,0,1
0,0,0,1,4,18,2,68,5,3,3,"male","single",68,3,2,1,1,1,1,0,1,0,1,2
1,0,0,1,4,24,2,12,1,2,4,"male","divorced_separated",28,3,1,1,1,1,1,0,1,0,0,1
1,0,0,1,1,9,2,14,1,4,3,"male","divorced_separated",59,3,1,1,1,1,0,0,1,0,0,1
1,0,1,0,1,12,2,7,1,5,3,"male","divorced_separated",57,2,1,1,1,1,0,0,1,0,0,2
0,0,0,1,1,20,4,22,1,3,4,"female","married",33,1,2,1,1,2,1,0,0,0,1,2
1,0,0,1,4,24,4,40,5,4,3,"female","married",43,3,2,1,2,1,0,1,1,0,0,1
0,0,0,1,4,15,4,15,1,3,3,"male","married_widowed",35,3,2,1,2,1,0,0,1,0,0,1
0,0,1,0,1,18,1,14,1,4,3,"male","married_widowed",32,3,2,2,1,1,1,0,1,0,0,2
1,0,0,1,4,36,3,109,1,5,3,"male","single",45,3,2,2,2,1,1,0,1,0,0,1
1,0,0,1,4,24,2,15,2,2,4,"male","divorced_separated",33,3,1,1,2,1,1,0,1,0,0,1
1,0,0,1,4,10,2,9,5,4,2,"female","married",40,3,1,1,2,1,0,0,1,0,0,1
0,0,0,1,4,15,4,33,1,3,3,"male","married_widowed",28,3,1,1,2,1,0,0,1,0,0,1
1,0,0,1,1,15,2,40,1,3,2,"female","married",29,3,1,1,2,1,1,0,1,0,0,2
0,0,0,1,4,9,2,36,2,3,3,"male","divorced_separated",26,3,1,2,1,2,1,0,0,0,1,1
1,0,0,1,4,24,4,58,4,3,3,"male","divorced_separated",27,3,2,1,1,1,0,1,1,0,0,1
1,0,0,1,4,18,3,22,1,3,4,"male","single",28,3,1,1,2,1,0,0,1,0,0,2
1,0,0,1,1,24,2,24,1,2,2,"male","divorced_separated",35,3,1,1,2,1,0,0,1,0,0,2
1,0,1,0,4,27,4,45,4,2,3,"male","divorced_separated",32,2,2,2,2,1,0,0,1,0,0,1
0,0,1,0,4,10,2,22,1,3,3,"male","divorced_separated",25,1,1,1,1,1,0,0,1,0,1,2
0,0,0,1,4,15,2,22,3,3,2,"male","single",20,3,1,1,1,1,0,0,1,0,1,1
1,0,0,1,1,18,2,24,1,2,2,"male","single",27,2,1,1,1,1,0,0,1,0,0,1
1,0,0,1,4,12,4,33,1,5,3,"female","married",42,2,1,1,1,1,0,0,1,0,0,1
1,0,0,1,4,36,2,74,5,5,3,"female","married",37,3,2,1,1,1,0,0,1,0,0,1
0,0,0,1,1,12,2,7,1,5,2,"female","married",24,3,1,1,1,1,0,0,1,0,1,1
1,0,0,1,4,36,3,77,3,4,2,"male","single",40,3,2,1,2,1,0,0,1,0,0,1
1,0,0,1,3,6,4,13,1,5,3,"male","divorced_separated",46,3,2,2,1,2,1,0,1,0,0,1
1,0,0,1,1,24,4,14,2,4,3,"male","divorced_separated",26,3,2,1,2,1,0,0,1,0,0,1
1,0,0,1,4,15,2,9,5,2,2,"male","divorced_separated",24,3,1,1,1,1,0,0,1,0,0,1
1,0,1,0,1,12,2,36,1,3,3,"female","married",29,3,1,2,1,1,0,0,0,1,0,1
1,0,0,1,2,11,4,13,4,3,2,"male","single",40,3,2,1,1,1,1,0,1,0,0,1
0,0,0,0,1,18,1,19,1,2,3,"male","married_widowed",36,1,1,1,2,1,0,0,0,1,0,1
1,0,0,1,4,36,2,36,1,5,3,"male","single",28,3,1,1,1,1,0,0,1,0,0,1
0,0,0,0,1,9,2,14,1,2,3,"male","married_widowed",27,3,1,1,2,1,1,0,1,0,0,2
1,0,0,1,4,30,4,67,5,4,3,"female","married",36,3,2,1,1,1,0,0,1,0,0,1
1,0,0,0,4,24,2,78,1,4,3,"male","single",38,3,1,1,2,1,0,1,1,0,0,1
0,0,0,1,4,24,2,93,5,3,1,"male","married_widowed",48,3,1,1,2,1,0,1,1,0,0,1
1,0,0,1,2,30,4,22,5,5,3,"male","divorced_separated",36,3,2,1,1,1,1,0,1,0,0,1
1,1,0,0,4,18,4,11,1,1,2,"male","single",65,3,2,1,1,1,0,0,1,0,0,1
1,0,0,1,2,24,2,41,1,4,1,"male","single",43,3,1,1,2,1,0,0,1,0,0,2
1,0,0,1,1,12,2,8,1,2,2,"female","married",53,3,1,1,1,1,0,0,1,0,0,2
1,0,0,1,2,24,4,28,5,4,3,"male","married_widowed",34,3,2,2,2,1,0,0,1,0,0,1
1,0,0,1,2,48,2,157,1,3,3,"male","single",23,3,1,1,2,1,0,0,1,0,0,2
1,0,0,0,4,36,4,66,1,5,3,"male","single",34,3,2,1,2,1,1,0,1,0,0,1
0,0,0,1,4,28,1,78,5,2,3,"male","divorced_separated",40,1,2,2,2,1,0,1,0,0,1,1
1,0,0,0,1,27,4,24,1,5,3,"male","single",43,2,4,2,2,1,0,0,1,0,0,1
1,0,0,1,4,15,4,18,1,5,3,"male","single",46,3,2,1,2,1,0,0,1,0,0,1
1,0,1,0,1,12,4,22,1,3,3,"female","married",38,1,2,1,1,2,1,0,1,0,0,1
1,0,0,1,2,36,4,58,1,3,3,"male","single",34,3,2,1,2,1,0,1,1,0,0,1
1,0,0,1,4,18,4,12,5,3,3,"female","married",29,3,2,1,2,1,0,0,1,0,0,1
1,0,0,0,4,36,3,89,5,4,3,"male","single",31,2,1,2,2,1,0,1,1,0,0,1
0,0,0,0,1,21,2,26,1,2,2,"female","married",28,3,1,1,2,1,0,0,1,0,1,1
1,0,0,1,4,12,4,16,4,4,2,"female","married",35,3,1,1,1,2,0,0,1,0,0,1
0,0,1,0,4,15,2,22,5,4,2,"male","divorced_separated",33,1,1,1,1,1,0,0,1,0,1,1
1,0,0,1,1,18,2,42,1,3,3,"male","single",42,3,1,1,1,1,0,0,0,1,0,2
0,0,0,1,1,16,4,26,1,5,3,"female","married",43,1,1,1,2,1,1,0,0,0,1,2
1,0,0,1,4,20,4,35,5,2,1,"male","divorced_separated",44,3,2,1,2,1,1,0,1,0,0,1
0,0,0,1,4,36,4,105,5,5,3,"male","married_widowed",42,3,2,1,1,1,0,1,1,0,0,1
0,0,0,1,4,15,2,14,5,3,4,"male","divorced_separated",40,3,1,1,2,1,0,0,1,0,1,1
1,0,0,0,4,24,2,13,1,5,3,"male","divorced_separated",36,3,1,1,2,1,0,0,1,0,0,1
0,0,0,0,1,12,2,11,1,3,3,"male","divorced_separated",20,3,1,2,2,1,0,0,1,0,1,1
1,0,1,0,1,21,2,38,5,4,3,"male","divorced_separated",24,3,1,1,1,2,1,0,0,1,0,1
1,0,0,1,2,36,2,37,5,3,4,"male","single",27,3,1,1,1,1,0,0,1,0,0,1
1,0,1,0,4,15,3,36,1,2,2,"female","married",46,3,2,1,1,1,0,1,1,0,0,1
1,0,1,0,2,9,2,32,5,3,2,"male","divorced_separated",33,3,1,1,1,1,1,0,1,0,0,1
1,0,0,1,4,36,3,45,1,3,2,"male","divorced_separated",34,3,2,1,1,1,0,0,1,0,0,1
1,0,1,0,2,24,4,47,1,2,2,"male","single",25,1,1,1,1,1,0,0,1,0,0,2
1,0,0,1,2,30,2,30,5,5,2,"male","single",25,3,1,1,1,1,0,0,1,0,0,1
1,0,0,1,4,11,2,21,4,5,1,"male","divorced_separated",28,3,1,1,2,1,0,0,1,0,0,1
0,0,0,1,1,24,1,32,1,3,3,"female","married",31,3,1,1,2,1,0,0,1,0,1,2
1,0,0,0,2,48,0,184,1,3,2,"female","married",32,1,1,1,2,2,0,0,1,0,0,2
1,0,0,1,4,10,2,28,2,3,3,"male","divorced_separated",32,3,1,2,1,1,0,1,0,1,0,1
1,0,0,0,1,6,2,149,1,5,3,"male","married_widowed",68,1,1,1,2,1,1,0,1,0,0,2
1,0,0,1,1,24,2,24,2,1,1,"female","married",33,3,1,1,1,1,0,0,1,0,0,2
0,0,0,0,1,24,2,33,1,5,3,"female","married",39,3,1,1,2,1,0,0,1,0,1,2
1,0,0,1,4,18,4,18,1,3,2,"male","married_widowed",28,3,2,1,1,1,0,0,1,0,0,1
1,0,0,0,4,48,3,127,3,4,3,"male","single",37,3,1,1,2,1,0,0,1,0,0,1
0,0,0,1,1,9,2,14,1,2,2,"female","married",22,3,1,1,1,1,0,0,1,0,1,2
0,0,0,1,2,12,2,20,1,4,3,"female","married",30,3,1,2,2,1,1,0,1,0,1,1
1,0,0,1,1,24,1,69,1,2,1,"female","married",55,1,1,1,2,1,0,0,1,0,0,2
1,0,0,1,1,12,1,7,1,2,3,"male","single",46,1,2,1,2,1,1,0,1,0,0,2
0,0,0,1,1,18,4,10,1,2,2,"female","married",21,3,1,1,1,1,0,0,1,0,1,1
0,0,0,1,1,48,2,103,1,4,3,"male","married_widowed",39,2,3,2,2,1,0,1,1,0,0,2
1,0,0,1,4,30,2,19,5,5,3,"male","single",58,3,1,1,2,1,0,0,1,0,0,1
1,0,1,0,1,12,3,13,1,3,3,"male","divorced_separated",43,3,2,2,1,1,1,0,1,0,0,1
1,0,1,0,1,24,2,17,1,2,3,"female","married",24,3,1,1,1,2,0,0,0,1,0,1
1,0,0,1,2,9,2,17,1,2,2,"male","single",22,3,1,1,2,1,0,0,1,0,0,2
1,0,0,1,4,9,4,12,1,3,3,"male","divorced_separated",30,3,2,1,1,1,1,0,1,0,0,1
1,0,0,1,4,12,4,5,3,5,3,"female","married",42,3,2,2,2,1,0,0,1,0,0,1
1,0,0,1,1,12,2,15,1,3,2,"male","single",23,1,1,1,1,1,0,0,1,0,0,1
1,0,0,0,2,30,3,19,2,2,3,"male","married_widowed",30,2,2,1,1,1,0,0,1,0,0,2
1,0,1,0,3,9,2,7,1,3,2,"male","divorced_separated",28,3,1,1,1,1,0,0,1,0,0,2
0,0,0,0,2,6,2,21,1,2,4,"male","single",30,3,1,1,2,1,0,0,1,0,1,1
0,0,0,1,2,60,2,63,1,3,3,"male","married_widowed",42,3,1,1,1,1,0,0,1,0,0,2
1,0,0,0,4,24,4,68,5,3,3,"female","married",46,3,2,2,2,1,0,1,1,0,0,1
1,0,0,0,4,12,2,35,5,2,3,"female","married",45,3,1,2,2,1,1,0,1,0,0,1
1,0,1,0,4,10,2,15,1,3,3,"male","divorced_separated",31,3,1,2,1,2,1,0,1,0,0,1
1,0,0,1,4,24,2,9,5,4,3,"male","single",31,2,1,1,2,1,0,0,1,0,0,1
1,0,1,0,4,4,4,15,1,4,3,"male","divorced_separated",42,3,3,2,1,1,1,0,1,0,0,1
0,0,0,1,1,15,2,18,1,2,2,"female","married",46,3,1,1,1,1,0,0,0,0,1,1
1,0,0,1,2,48,0,84,3,2,2,"male","single",30,3,2,1,1,1,1,0,1,0,0,1
0,0,0,1,1,24,1,33,3,2,3,"male","married_widowed",30,3,1,2,2,1,0,0,1,0,0,2
1,0,0,0,4,12,2,29,5,1,3,"male","married_widowed",38,3,1,1,2,1,1,0,1,0,0,1
1,0,1,0,4,18,2,15,1,2,4,"female","married",43,3,1,2,1,1,0,0,0,1,0,2
1,0,0,1,4,24,2,36,2,5,3,"male","single",31,3,2,1,1,1,0,0,1,0,0,2
1,1,0,0,2,18,4,36,1,1,4,"male","single",40,3,3,2,2,1,0,0,1,0,0,1
1,0,0,1,1,36,3,21,1,4,3,"male","single",24,3,2,1,2,1,0,0,1,0,0,2
0,0,0,1,2,24,2,41,3,2,2,"male","single",28,3,1,1,1,1,0,1,1,0,1,2
1,0,0,0,4,36,2,110,1,1,2,"male","single",26,3,2,1,2,1,0,0,1,0,0,2
1,0,0,1,1,12,2,19,1,3,2,"female","married",29,3,1,1,2,1,1,0,0,0,0,1
0,0,0,0,1,24,4,12,4,5,2,"female","married",57,3,2,1,2,1,0,0,1,0,1,1
1,0,1,0,3,30,4,37,5,5,3,"female","married",49,2,2,1,1,1,0,0,1,0,0,1
1,0,1,0,2,9,4,12,1,5,3,"male","divorced_separated",37,3,3,1,1,1,0,0,1,0,0,1
1,0,1,0,1,28,2,40,1,3,3,"male","single",45,3,1,1,1,1,1,0,1,0,0,2
0,0,0,1,2,24,2,31,2,5,3,"male","married_widowed",30,3,1,1,1,1,0,0,1,0,0,1
0,0,0,1,4,6,4,17,1,5,4,"male","divorced_separated",30,3,2,1,1,1,0,0,1,0,1,1
1,0,0,1,2,21,3,24,1,3,1,"female","married",47,3,2,1,1,1,1,0,1,0,0,1
1,0,0,1,4,15,2,36,5,3,3,"male","married_widowed",29,3,1,1,1,1,1,0,1,0,0,1
1,0,0,1,4,24,2,24,3,5,3,"male","single",35,1,2,1,2,1,0,0,1,0,0,2
1,0,1,0,2,6,2,5,1,2,4,"female","married",22,3,1,1,1,1,0,0,1,0,0,1
1,0,0,1,2,30,2,17,5,3,2,"male","single",26,3,1,1,1,1,0,0,1,0,0,1
1,0,1,0,2,27,4,25,3,3,3,"female","married",23,3,2,1,1,1,0,0,1,0,0,2
0,0,0,0,4,15,2,36,1,5,2,"male","single",54,1,1,1,2,1,0,0,1,0,1,1
0,0,0,1,4,42,2,72,5,4,4,"female","married",29,3,1,1,2,1,0,0,1,0,1,1
1,0,1,0,1,11,4,39,1,3,3,"male","divorced_separated",40,3,2,2,1,1,1,0,1,0,0,1
1,0,0,1,2,15,2,15,2,3,3,"male","divorced_separated",22,3,1,1,1,1,0,0,0,0,0,1
1,0,1,0,4,24,2,74,1,3,3,"female","married",43,3,1,2,1,1,1,0,1,0,0,1
0,1,0,0,1,24,1,12,1,1,2,"male","married_widowed",29,3,2,1,1,1,1,0,0,1,1,2
0,0,0,1,1,60,2,73,1,5,3,"male","married_widowed",36,3,1,1,1,1,0,0,0,1,1,2
1,0,0,1,4,30,4,28,1,3,2,"male","single",33,3,1,1,2,1,0,0,1,0,0,1
1,0,1,0,3,24,2,13,3,3,2,"male","single",57,3,1,1,1,1,0,0,1,0,0,1
1,0,0,1,2,6,2,8,1,3,2,"male","divorced_separated",64,3,1,1,1,1,0,0,0,0,0,1
1,0,0,1,2,18,3,24,5,5,3,"female","married",42,3,2,1,1,1,0,0,1,0,0,1
1,0,1,0,4,24,3,25,1,5,3,"male","single",47,3,2,2,1,1,1,0,1,0,0,2
0,0,0,1,2,15,1,13,2,3,4,"female","married",25,3,1,1,1,1,1,0,1,0,1,2
1,0,0,1,2,30,4,84,1,4,3,"female","married",49,3,1,1,1,1,0,0,1,0,0,2
0,0,0,0,4,48,2,48,1,1,3,"male","single",33,1,1,1,2,1,0,0,1,0,1,2
1,0,0,0,3,21,2,29,2,3,2,"male","single",28,1,1,1,2,1,1,0,1,0,0,1
1,0,0,1,1,36,2,82,1,3,3,"female","married",26,3,1,2,1,1,0,1,1,0,0,2
1,0,1,0,4,24,4,20,1,4,3,"female","married",30,3,2,1,1,1,0,0,1,0,0,1
0,0,0,1,1,15,4,14,1,3,2,"female","married",25,3,2,1,1,1,0,0,1,0,1,1
1,0,0,1,3,42,0,63,1,2,1,"female","married",33,3,2,1,1,1,0,0,1,0,0,1
1,0,0,1,4,13,2,14,2,1,2,"male","divorced_separated",64,3,1,1,1,1,0,0,1,0,0,1
0,0,0,0,1,24,2,66,1,1,3,"male","married_widowed",29,3,1,1,2,1,0,1,1,0,0,1
1,0,1,0,2,24,4,17,1,5,3,"female","married",48,3,2,1,1,1,0,0,1,0,0,1
1,0,1,0,4,12,4,36,5,2,3,"female","married",37,3,2,2,1,1,0,0,1,0,0,1
1,0,1,0,4,15,1,16,2,5,3,"male","single",34,1,1,2,1,1,0,0,1,0,0,1
0,0,1,0,1,18,2,19,5,4,4,"male","single",23,3,2,1,1,1,0,0,1,0,1,1
1,0,0,0,1,36,2,40,1,1,3,"female","married",30,3,1,1,2,1,0,0,1,0,0,1
1,0,0,1,4,12,2,24,5,5,3,"male","single",50,3,1,1,2,1,1,0,1,0,0,1
1,0,1,0,4,12,2,17,1,4,2,"male","divorced_separated",31,3,1,1,1,1,0,0,1,0,0,1
1,0,0,0,1,30,2,39,1,3,1,"female","married",40,3,1,1,2,1,0,1,1,0,0,1
1,0,0,1,4,12,2,8,1,5,3,"male","single",38,3,1,1,1,1,0,0,1,0,0,1
0,0,0,1,1,45,2,18,1,3,3,"male","married_widowed",23,3,1,1,2,1,0,0,1,0,0,2
1,0,0,1,2,45,4,46,2,1,3,"male","single",27,3,1,1,1,1,0,1,1,0,0,1
